[{"model": "admin.logentry", "pk": 1, "fields": {"action_time": "2021-10-25T14:31:33.188Z", "user": 1, "content_type": 7, "object_id": "1", "object_repr": "Доски", "action_flag": 1, "change_message": "[{\"added\": {}}]"}}, {"model": "admin.logentry", "pk": 2, "fields": {"action_time": "2021-10-25T14:31:40.710Z", "user": 1, "content_type": 7, "object_id": "2", "object_repr": "Крепления", "action_flag": 1, "change_message": "[{\"added\": {}}]"}}, {"model": "admin.logentry", "pk": 3, "fields": {"action_time": "2021-10-25T14:31:45.359Z", "user": 1, "content_type": 7, "object_id": "3", "object_repr": "Ботинки", "action_flag": 1, "change_message": "[{\"added\": {}}]"}}, {"model": "admin.logentry", "pk": 4, "fields": {"action_time": "2021-10-25T14:31:50.646Z", "user": 1, "content_type": 7, "object_id": "4", "object_repr": "Штаны", "action_flag": 1, "change_message": "[{\"added\": {}}]"}}, {"model": "admin.logentry", "pk": 5, "fields": {"action_time": "2021-10-25T14:31:59.742Z", "user": 1, "content_type": 7, "object_id": "5", "object_repr": "Куртка", "action_flag": 1, "change_message": "[{\"added\": {}}]"}}, {"model": "admin.logentry", "pk": 6, "fields": {"action_time": "2021-10-25T14:32:07.997Z", "user": 1, "content_type": 7, "object_id": "6", "object_repr": "Перчатки", "action_flag": 1, "change_message": "[{\"added\": {}}]"}}, {"model": "admin.logentry", "pk": 7, "fields": {"action_time": "2021-10-25T14:32:12.558Z", "user": 1, "content_type": 7, "object_id": "7", "object_repr": "Аксессуары", "action_flag": 1, "change_message": "[{\"added\": {}}]"}}, {"model": "admin.logentry", "pk": 8, "fields": {"action_time": "2021-10-25T14:32:55.480Z", "user": 1, "content_type": 8, "object_id": "1", "object_repr": "Solomon 1", "action_flag": 1, "change_message": "[{\"added\": {}}]"}}, {"model": "admin.logentry", "pk": 9, "fields": {"action_time": "2021-10-25T14:33:23.991Z", "user": 1, "content_type": 8, "object_id": "2", "object_repr": "Burton jnr", "action_flag": 1, "change_message": "[{\"added\": {}}]"}}, {"model": "admin.logentry", "pk": 10, "fields": {"action_time": "2021-10-25T14:34:02.132Z", "user": 1, "content_type": 8, "object_id": "3", "object_repr": "DC 123", "action_flag": 1, "change_message": "[{\"added\": {}}]"}}, {"model": "admin.logentry", "pk": 11, "fields": {"action_time": "2021-10-25T14:34:35.300Z", "user": 1, "content_type": 8, "object_id": "4", "object_repr": "Rider Sumo", "action_flag": 1, "change_message": "[{\"added\": {}}]"}}, {"model": "admin.logentry", "pk": 12, "fields": {"action_time": "2021-10-31T16:50:14.020Z", "user": 1, "content_type": 8, "object_id": "1", "object_repr": "Solomon 1", "action_flag": 2, "change_message": "[{\"changed\": {\"fields\": [\"Image\", \"Slug\", \"Price\", \"\\u041e\\u043f\\u0438\\u0441\\u0430\\u043d\\u0438\\u0435 \\u0442\\u043e\\u0432\\u0430\\u0440\\u0430\"]}}]"}}, {"model": "admin.logentry", "pk": 13, "fields": {"action_time": "2021-10-31T16:51:57.354Z", "user": 1, "content_type": 8, "object_id": "5", "object_repr": "Сноуборд Bataleon JAM", "action_flag": 1, "change_message": "[{\"added\": {}}]"}}, {"model": "admin.logentry", "pk": 14, "fields": {"action_time": "2021-10-31T17:06:13.344Z", "user": 1, "content_type": 8, "object_id": "1", "object_repr": "Ботинки для сноуборда Nitro SENTINEL TLS", "action_flag": 1, "change_message": "[{\"added\": {}}]"}}, {"model": "admin.logentry", "pk": 15, "fields": {"action_time": "2021-10-31T17:07:22.102Z", "user": 1, "content_type": 8, "object_id": "2", "object_repr": "Ботинки для сноуборда USD Pro GUN", "action_flag": 1, "change_message": "[{\"added\": {}}]"}}, {"model": "admin.logentry", "pk": 16, "fields": {"action_time": "2021-10-31T17:08:12.546Z", "user": 1, "content_type": 8, "object_id": "3", "object_repr": "Ботинки для сноуборда K2 ENDER", "action_flag": 1, "change_message": "[{\"added\": {}}]"}}, {"model": "admin.logentry", "pk": 17, "fields": {"action_time": "2021-10-31T17:08:46.796Z", "user": 1, "content_type": 8, "object_id": "4", "object_repr": "Ботинки для сноуборда Northwave G", "action_flag": 1, "change_message": "[{\"added\": {}}]"}}, {"model": "admin.logentry", "pk": 18, "fields": {"action_time": "2021-10-31T17:09:42.811Z", "user": 1, "content_type": 8, "object_id": "5", "object_repr": "Ботинки для сноуборда Rome SDS WOMENS STOMP BOA", "action_flag": 1, "change_message": "[{\"added\": {}}]"}}, {"model": "admin.logentry", "pk": 19, "fields": {"action_time": "2021-10-31T17:10:32.622Z", "user": 1, "content_type": 8, "object_id": "6", "object_repr": "Ботинки для сноуборда Nitro FUTURA TLS", "action_flag": 1, "change_message": "[{\"added\": {}}]"}}, {"model": "admin.logentry", "pk": 20, "fields": {"action_time": "2021-10-31T17:11:16.913Z", "user": 1, "content_type": 8, "object_id": "7", "object_repr": "Ботинки для сноуборда Ride LASSO PRO", "action_flag": 1, "change_message": "[{\"added\": {}}]"}}, {"model": "admin.logentry", "pk": 21, "fields": {"action_time": "2021-10-31T17:13:31.937Z", "user": 1, "content_type": 8, "object_id": "8", "object_repr": "Сноуборд Bataleon SURFER", "action_flag": 1, "change_message": "[{\"added\": {}}]"}}, {"model": "admin.logentry", "pk": 22, "fields": {"action_time": "2021-10-31T17:14:14.521Z", "user": 1, "content_type": 8, "object_id": "9", "object_repr": "Сноуборд Bataleon JAM", "action_flag": 1, "change_message": "[{\"added\": {}}]"}}, {"model": "admin.logentry", "pk": 23, "fields": {"action_time": "2021-10-31T17:15:06.096Z", "user": 1, "content_type": 8, "object_id": "10", "object_repr": "Сноуборд Nitro HIGHLANDER", "action_flag": 1, "change_message": "[{\"added\": {}}]"}}, {"model": "admin.logentry", "pk": 24, "fields": {"action_time": "2021-10-31T17:15:45.539Z", "user": 1, "content_type": 8, "object_id": "11", "object_repr": "Сноуборд Rome SDS MOUNTAIN DIVISION", "action_flag": 1, "change_message": "[{\"added\": {}}]"}}, {"model": "admin.logentry", "pk": 25, "fields": {"action_time": "2021-10-31T17:16:19.967Z", "user": 1, "content_type": 8, "object_id": "12", "object_repr": "Сноуборд Rome SDS STALE CREWZER WIDE", "action_flag": 1, "change_message": "[{\"added\": {}}]"}}, {"model": "admin.logentry", "pk": 26, "fields": {"action_time": "2021-10-31T17:17:01.873Z", "user": 1, "content_type": 8, "object_id": "13", "object_repr": "Сноуборд K2 WILDHEART", "action_flag": 1, "change_message": "[{\"added\": {}}]"}}, {"model": "admin.logentry", "pk": 27, "fields": {"action_time": "2021-10-31T17:17:38.864Z", "user": 1, "content_type": 8, "object_id": "14", "object_repr": "Сноуборд Nitro MAGNUM", "action_flag": 1, "change_message": "[{\"added\": {}}]"}}, {"model": "admin.logentry", "pk": 28, "fields": {"action_time": "2021-10-31T17:18:46.741Z", "user": 1, "content_type": 8, "object_id": "15", "object_repr": "Крепления для сноуборда Drake PODIUM FF", "action_flag": 1, "change_message": "[{\"added\": {}}]"}}, {"model": "admin.logentry", "pk": 29, "fields": {"action_time": "2021-10-31T17:19:18.686Z", "user": 1, "content_type": 8, "object_id": "16", "object_repr": "Крепления для сноуборда Rome SDS CLEAVER", "action_flag": 1, "change_message": "[{\"added\": {}}]"}}, {"model": "admin.logentry", "pk": 30, "fields": {"action_time": "2021-10-31T17:19:49.870Z", "user": 1, "content_type": 8, "object_id": "17", "object_repr": "Крепления для сноуборда Ride A-10", "action_flag": 1, "change_message": "[{\"added\": {}}]"}}, {"model": "admin.logentry", "pk": 31, "fields": {"action_time": "2021-10-31T17:20:17.876Z", "user": 1, "content_type": 8, "object_id": "18", "object_repr": "Крепления для сноуборда Nitro MACHINE", "action_flag": 1, "change_message": "[{\"added\": {}}]"}}, {"model": "admin.logentry", "pk": 32, "fields": {"action_time": "2021-10-31T17:22:01.081Z", "user": 1, "content_type": 8, "object_id": "19", "object_repr": "Куртка Nitro Куртка Alagna", "action_flag": 1, "change_message": "[{\"added\": {}}]"}}, {"model": "admin.logentry", "pk": 33, "fields": {"action_time": "2021-10-31T17:22:32.845Z", "user": 1, "content_type": 8, "object_id": "20", "object_repr": "Куртка Nitro Куртка Fautline", "action_flag": 1, "change_message": "[{\"added\": {}}]"}}, {"model": "admin.logentry", "pk": 34, "fields": {"action_time": "2021-10-31T17:23:02.091Z", "user": 1, "content_type": 8, "object_id": "21", "object_repr": "Куртка Westbeach Куртка Garage Jacket", "action_flag": 1, "change_message": "[{\"added\": {}}]"}}, {"model": "admin.logentry", "pk": 35, "fields": {"action_time": "2021-10-31T17:23:35.631Z", "user": 1, "content_type": 8, "object_id": "22", "object_repr": "Куртка L1 Куртка Fairbanks", "action_flag": 1, "change_message": "[{\"added\": {}}]"}}, {"model": "admin.logentry", "pk": 36, "fields": {"action_time": "2021-10-31T17:24:42.213Z", "user": 1, "content_type": 8, "object_id": "23", "object_repr": "Брюки Mammut Брюки STONEY HS PANTS MEN", "action_flag": 1, "change_message": "[{\"added\": {}}]"}}, {"model": "admin.logentry", "pk": 37, "fields": {"action_time": "2021-10-31T17:25:23.693Z", "user": 1, "content_type": 8, "object_id": "24", "object_repr": "Брюки Ride Брюки 3.5L Harbor Pant", "action_flag": 1, "change_message": "[{\"added\": {}}]"}}, {"model": "admin.logentry", "pk": 38, "fields": {"action_time": "2021-10-31T17:26:03.191Z", "user": 1, "content_type": 8, "object_id": "25", "object_repr": "Брюки L1 Брюки Americana", "action_flag": 1, "change_message": "[{\"added\": {}}]"}}, {"model": "admin.logentry", "pk": 39, "fields": {"action_time": "2021-10-31T17:28:12.806Z", "user": 1, "content_type": 8, "object_id": "26", "object_repr": "Перчатки Level ASTRA W GORE-TEX", "action_flag": 1, "change_message": "[{\"added\": {}}]"}}, {"model": "admin.logentry", "pk": 40, "fields": {"action_time": "2021-10-31T17:28:40.261Z", "user": 1, "content_type": 8, "object_id": "27", "object_repr": "Перчатки Level EVOLUTION GORE-TEX", "action_flag": 1, "change_message": "[{\"added\": {}}]"}}, {"model": "admin.logentry", "pk": 41, "fields": {"action_time": "2021-10-31T17:29:13.916Z", "user": 1, "content_type": 8, "object_id": "28", "object_repr": "Перчатки Level SQ CF", "action_flag": 1, "change_message": "[{\"added\": {}}]"}}, {"model": "admin.logentry", "pk": 42, "fields": {"action_time": "2021-10-31T17:30:11.098Z", "user": 1, "content_type": 8, "object_id": "29", "object_repr": "Растирка Smith Губка Snow Eraser", "action_flag": 1, "change_message": "[{\"added\": {}}]"}}, {"model": "admin.logentry", "pk": 43, "fields": {"action_time": "2021-10-31T17:31:03.821Z", "user": 1, "content_type": 8, "object_id": "30", "object_repr": "Маска Smith CMX (ПОЛНАЯ)", "action_flag": 1, "change_message": "[{\"added\": {}}]"}}, {"model": "admin.logentry", "pk": 44, "fields": {"action_time": "2021-10-31T17:31:44.766Z", "user": 1, "content_type": 8, "object_id": "31", "object_repr": "Балаклава Turtle Fur COMFORT SHELL STRIA NINJA STRIA", "action_flag": 1, "change_message": "[{\"added\": {}}]"}}, {"model": "admin.logentry", "pk": 45, "fields": {"action_time": "2021-11-01T09:03:31.215Z", "user": 1, "content_type": 8, "object_id": "19", "object_repr": "Куртка Nitro Куртка Alagna", "action_flag": 2, "change_message": "[{\"changed\": {\"fields\": [\"Image\"]}}]"}}, {"model": "admin.logentry", "pk": 46, "fields": {"action_time": "2021-11-01T11:21:07.591Z", "user": 1, "content_type": 8, "object_id": "28", "object_repr": "Перчатки Level SQ CF", "action_flag": 2, "change_message": "[{\"changed\": {\"fields\": [\"Image\"]}}]"}}, {"model": "admin.logentry", "pk": 47, "fields": {"action_time": "2021-11-23T10:23:00.228Z", "user": 1, "content_type": 11, "object_id": "1", "object_repr": "ZUB", "action_flag": 1, "change_message": "[{\"added\": {}}]"}}, {"model": "admin.logentry", "pk": 48, "fields": {"action_time": "2021-11-24T13:42:14.936Z", "user": 1, "content_type": 11, "object_id": "1", "object_repr": "ZUB", "action_flag": 3, "change_message": ""}}, {"model": "admin.logentry", "pk": 49, "fields": {"action_time": "2021-11-24T14:02:28.184Z", "user": 1, "content_type": 11, "object_id": "2", "object_repr": "qwe", "action_flag": 1, "change_message": "[{\"added\": {}}]"}}, {"model": "admin.logentry", "pk": 50, "fields": {"action_time": "2021-11-24T14:02:56.473Z", "user": 1, "content_type": 11, "object_id": "3", "object_repr": "asd", "action_flag": 1, "change_message": "[{\"added\": {}}]"}}, {"model": "admin.logentry", "pk": 51, "fields": {"action_time": "2021-11-24T14:03:18.194Z", "user": 1, "content_type": 11, "object_id": "3", "object_repr": "asd", "action_flag": 2, "change_message": "[{\"changed\": {\"fields\": [\"Active\"]}}]"}}, {"model": "admin.logentry", "pk": 52, "fields": {"action_time": "2021-11-24T14:05:04.471Z", "user": 1, "content_type": 11, "object_id": "3", "object_repr": "asd", "action_flag": 3, "change_message": ""}}, {"model": "admin.logentry", "pk": 53, "fields": {"action_time": "2021-11-24T14:05:04.474Z", "user": 1, "content_type": 11, "object_id": "2", "object_repr": "qwe", "action_flag": 3, "change_message": ""}}, {"model": "admin.logentry", "pk": 54, "fields": {"action_time": "2021-11-24T15:23:38.393Z", "user": 1, "content_type": 11, "object_id": "4", "object_repr": "qwe", "action_flag": 1, "change_message": "[{\"added\": {}}]"}}, {"model": "admin.logentry", "pk": 55, "fields": {"action_time": "2021-11-24T15:46:11.203Z", "user": 1, "content_type": 11, "object_id": "4", "object_repr": "qwe", "action_flag": 3, "change_message": ""}}, {"model": "admin.logentry", "pk": 56, "fields": {"action_time": "2021-11-24T17:38:23.610Z", "user": 1, "content_type": 11, "object_id": "5", "object_repr": "qwe", "action_flag": 1, "change_message": "[{\"added\": {}}]"}}, {"model": "admin.logentry", "pk": 57, "fields": {"action_time": "2021-12-16T14:52:06.291Z", "user": 1, "content_type": 4, "object_id": "7", "object_repr": "zusman", "action_flag": 3, "change_message": ""}}, {"model": "admin.logentry", "pk": 58, "fields": {"action_time": "2021-12-16T15:23:27.426Z", "user": 1, "content_type": 4, "object_id": "9", "object_repr": "nikzubkov", "action_flag": 3, "change_message": ""}}, {"model": "admin.logentry", "pk": 59, "fields": {"action_time": "2021-12-16T15:23:27.430Z", "user": 1, "content_type": 4, "object_id": "8", "object_repr": "zusman", "action_flag": 3, "change_message": ""}}, {"model": "admin.logentry", "pk": 60, "fields": {"action_time": "2021-12-16T17:52:35.272Z", "user": 1, "content_type": 4, "object_id": "10", "object_repr": "bigmama93", "action_flag": 3, "change_message": ""}}, {"model": "admin.logentry", "pk": 61, "fields": {"action_time": "2021-12-16T18:01:39.650Z", "user": 1, "content_type": 4, "object_id": "11", "object_repr": "bigmama93", "action_flag": 3, "change_message": ""}}, {"model": "admin.logentry", "pk": 62, "fields": {"action_time": "2021-12-16T18:32:05.289Z", "user": 1, "content_type": 4, "object_id": "12", "object_repr": "bigmama93", "action_flag": 3, "change_message": ""}}, {"model": "admin.logentry", "pk": 63, "fields": {"action_time": "2021-12-17T12:45:11.712Z", "user": 1, "content_type": 20, "object_id": "1", "object_repr": "myshop", "action_flag": 1, "change_message": "[{\"added\": {}}]"}}, {"model": "admin.logentry", "pk": 64, "fields": {"action_time": "2021-12-17T12:45:44.036Z", "user": 1, "content_type": 20, "object_id": "2", "object_repr": "zusmanone1", "action_flag": 1, "change_message": "[{\"added\": {}}]"}}, {"model": "admin.logentry", "pk": 65, "fields": {"action_time": "2021-12-17T13:13:49.623Z", "user": 1, "content_type": 20, "object_id": "2", "object_repr": "zusmanone1", "action_flag": 3, "change_message": ""}}, {"model": "admin.logentry", "pk": 66, "fields": {"action_time": "2021-12-17T20:06:06.969Z", "user": 1, "content_type": 20, "object_id": "1", "object_repr": "myshop", "action_flag": 3, "change_message": ""}}, {"model": "admin.logentry", "pk": 67, "fields": {"action_time": "2021-12-17T20:08:48.945Z", "user": 1, "content_type": 20, "object_id": "3", "object_repr": "myshop", "action_flag": 3, "change_message": ""}}, {"model": "admin.logentry", "pk": 68, "fields": {"action_time": "2021-12-17T20:09:32.320Z", "user": 1, "content_type": 20, "object_id": "4", "object_repr": "myshop", "action_flag": 3, "change_message": ""}}, {"model": "admin.logentry", "pk": 69, "fields": {"action_time": "2021-12-17T20:09:58.368Z", "user": 1, "content_type": 20, "object_id": "5", "object_repr": "myshop", "action_flag": 3, "change_message": ""}}, {"model": "admin.logentry", "pk": 70, "fields": {"action_time": "2021-12-18T07:45:31.850Z", "user": 1, "content_type": 4, "object_id": "1", "object_repr": "myshop", "action_flag": 2, "change_message": "[{\"changed\": {\"fields\": [\"Email address\", \"Last login\"]}}]"}}, {"model": "admin.logentry", "pk": 71, "fields": {"action_time": "2021-12-18T07:45:41.087Z", "user": 1, "content_type": 4, "object_id": "1", "object_repr": "myshop", "action_flag": 2, "change_message": "[{\"changed\": {\"fields\": [\"Email address\"]}}]"}}, {"model": "admin.logentry", "pk": 72, "fields": {"action_time": "2021-12-18T08:22:53.151Z", "user": 1, "content_type": 4, "object_id": "14", "object_repr": "testuser", "action_flag": 1, "change_message": "[{\"added\": {}}]"}}, {"model": "admin.logentry", "pk": 73, "fields": {"action_time": "2021-12-18T12:51:32.357Z", "user": 1, "content_type": 8, "object_id": "32", "object_repr": "Тестовая доска", "action_flag": 1, "change_message": "[{\"added\": {}}]"}}, {"model": "admin.logentry", "pk": 74, "fields": {"action_time": "2021-12-18T13:13:16.767Z", "user": 1, "content_type": 4, "object_id": "13", "object_repr": "bigmama93", "action_flag": 3, "change_message": ""}}, {"model": "admin.logentry", "pk": 75, "fields": {"action_time": "2021-12-18T14:41:18.671Z", "user": 1, "content_type": 8, "object_id": "33", "object_repr": "wwww", "action_flag": 1, "change_message": "[{\"added\": {}}]"}}, {"model": "admin.logentry", "pk": 76, "fields": {"action_time": "2021-12-18T14:44:45.397Z", "user": 1, "content_type": 8, "object_id": "34", "object_repr": "eeeee", "action_flag": 1, "change_message": "[{\"added\": {}}]"}}, {"model": "admin.logentry", "pk": 77, "fields": {"action_time": "2021-12-18T14:46:26.511Z", "user": 1, "content_type": 8, "object_id": "35", "object_repr": "eeee", "action_flag": 1, "change_message": "[{\"added\": {}}]"}}, {"model": "admin.logentry", "pk": 78, "fields": {"action_time": "2021-12-18T14:53:41.060Z", "user": 1, "content_type": 8, "object_id": "36", "object_repr": "rrrr", "action_flag": 1, "change_message": "[{\"added\": {}}]"}}, {"model": "admin.logentry", "pk": 79, "fields": {"action_time": "2021-12-18T19:44:47.109Z", "user": 1, "content_type": 8, "object_id": "37", "object_repr": "2222", "action_flag": 1, "change_message": "[{\"added\": {}}]"}}, {"model": "admin.logentry", "pk": 80, "fields": {"action_time": "2021-12-18T19:48:03.380Z", "user": 1, "content_type": 8, "object_id": "38", "object_repr": "223213231231", "action_flag": 1, "change_message": "[{\"added\": {}}]"}}, {"model": "admin.logentry", "pk": 81, "fields": {"action_time": "2021-12-18T19:52:01.277Z", "user": 1, "content_type": 8, "object_id": "39", "object_repr": "3321", "action_flag": 1, "change_message": "[{\"added\": {}}]"}}, {"model": "admin.logentry", "pk": 82, "fields": {"action_time": "2021-12-18T19:55:53.013Z", "user": 1, "content_type": 8, "object_id": "40", "object_repr": "31344", "action_flag": 1, "change_message": "[{\"added\": {}}]"}}, {"model": "admin.logentry", "pk": 83, "fields": {"action_time": "2021-12-18T19:57:03.704Z", "user": 1, "content_type": 8, "object_id": "41", "object_repr": "2123", "action_flag": 1, "change_message": "[{\"added\": {}}]"}}, {"model": "admin.logentry", "pk": 84, "fields": {"action_time": "2021-12-18T19:57:30.401Z", "user": 1, "content_type": 8, "object_id": "42", "object_repr": "dfdfdf", "action_flag": 1, "change_message": "[{\"added\": {}}]"}}, {"model": "admin.logentry", "pk": 85, "fields": {"action_time": "2021-12-18T20:02:55.260Z", "user": 1, "content_type": 8, "object_id": "43", "object_repr": "23213", "action_flag": 1, "change_message": "[{\"added\": {}}]"}}, {"model": "admin.logentry", "pk": 86, "fields": {"action_time": "2021-12-18T20:05:07.992Z", "user": 1, "content_type": 8, "object_id": "44", "object_repr": "dsdsa", "action_flag": 1, "change_message": "[{\"added\": {}}]"}}, {"model": "admin.logentry", "pk": 87, "fields": {"action_time": "2021-12-18T20:07:02.008Z", "user": 1, "content_type": 8, "object_id": "45", "object_repr": "2312312", "action_flag": 1, "change_message": "[{\"added\": {}}]"}}, {"model": "admin.logentry", "pk": 88, "fields": {"action_time": "2021-12-18T20:10:45.710Z", "user": 1, "content_type": 8, "object_id": "46", "object_repr": "fddgfdg", "action_flag": 1, "change_message": "[{\"added\": {}}]"}}, {"model": "admin.logentry", "pk": 89, "fields": {"action_time": "2021-12-18T20:11:51.189Z", "user": 1, "content_type": 8, "object_id": "47", "object_repr": "wqeqw", "action_flag": 1, "change_message": "[{\"added\": {}}]"}}, {"model": "admin.logentry", "pk": 90, "fields": {"action_time": "2021-12-18T20:33:46.651Z", "user": 1, "content_type": 8, "object_id": "48", "object_repr": "asda", "action_flag": 1, "change_message": "[{\"added\": {}}]"}}, {"model": "admin.logentry", "pk": 91, "fields": {"action_time": "2021-12-18T20:38:01.956Z", "user": 1, "content_type": 8, "object_id": "49", "object_repr": "asdsad", "action_flag": 1, "change_message": "[{\"added\": {}}]"}}, {"model": "admin.logentry", "pk": 92, "fields": {"action_time": "2021-12-18T20:39:08.912Z", "user": 1, "content_type": 8, "object_id": "50", "object_repr": "sassss", "action_flag": 1, "change_message": "[{\"added\": {}}]"}}, {"model": "admin.logentry", "pk": 93, "fields": {"action_time": "2021-12-18T20:57:54.204Z", "user": 1, "content_type": 8, "object_id": "51", "object_repr": "2222", "action_flag": 1, "change_message": "[{\"added\": {}}]"}}, {"model": "admin.logentry", "pk": 94, "fields": {"action_time": "2021-12-18T20:58:59.130Z", "user": 1, "content_type": 8, "object_id": "52", "object_repr": "qqq", "action_flag": 1, "change_message": "[{\"added\": {}}]"}}, {"model": "admin.logentry", "pk": 95, "fields": {"action_time": "2021-12-18T21:01:32.694Z", "user": 1, "content_type": 8, "object_id": "53", "object_repr": "star", "action_flag": 1, "change_message": "[{\"added\": {}}]"}}, {"model": "admin.logentry", "pk": 96, "fields": {"action_time": "2021-12-18T21:18:22.513Z", "user": 1, "content_type": 8, "object_id": "54", "object_repr": "3333333333", "action_flag": 1, "change_message": "[{\"added\": {}}]"}}, {"model": "admin.logentry", "pk": 97, "fields": {"action_time": "2021-12-18T21:25:11.801Z", "user": 1, "content_type": 8, "object_id": "55", "object_repr": "123", "action_flag": 1, "change_message": "[{\"added\": {}}]"}}, {"model": "admin.logentry", "pk": 98, "fields": {"action_time": "2021-12-18T21:25:56.363Z", "user": 1, "content_type": 8, "object_id": "56", "object_repr": "dsds", "action_flag": 1, "change_message": "[{\"added\": {}}]"}}, {"model": "admin.logentry", "pk": 99, "fields": {"action_time": "2021-12-18T21:26:46.248Z", "user": 1, "content_type": 8, "object_id": "57", "object_repr": "НОВАЯ ДЭКА 666 МАТЬ ВАШУ", "action_flag": 1, "change_message": "[{\"added\": {}}]"}}, {"model": "admin.logentry", "pk": 100, "fields": {"action_time": "2021-12-18T21:27:28.647Z", "user": 1, "content_type": 8, "object_id": "57", "object_repr": "НОВАЯ ДЭКА 666 МАТЬ ВАШУ", "action_flag": 3, "change_message": ""}}, {"model": "admin.logentry", "pk": 101, "fields": {"action_time": "2021-12-18T21:27:49.686Z", "user": 1, "content_type": 8, "object_id": "58", "object_repr": "НОВАЯ ДЭКА 666 МАТЬ ВАШУ", "action_flag": 1, "change_message": "[{\"added\": {}}]"}}, {"model": "admin.logentry", "pk": 102, "fields": {"action_time": "2021-12-19T13:45:45.002Z", "user": 1, "content_type": 8, "object_id": "59", "object_repr": "aaaa", "action_flag": 1, "change_message": "[{\"added\": {}}]"}}, {"model": "admin.logentry", "pk": 103, "fields": {"action_time": "2021-12-19T13:46:38.381Z", "user": 1, "content_type": 8, "object_id": "60", "object_repr": "bbbb", "action_flag": 1, "change_message": "[{\"added\": {}}]"}}, {"model": "admin.logentry", "pk": 104, "fields": {"action_time": "2021-12-19T19:49:43.891Z", "user": 1, "content_type": 26, "object_id": "2", "object_repr": "add-every-30-seconds: */1 * * * * (m/h/dM/MY/d) UTC", "action_flag": 3, "change_message": ""}}, {"model": "admin.logentry", "pk": 105, "fields": {"action_time": "2021-12-19T19:56:05.240Z", "user": 1, "content_type": 24, "object_id": "2", "object_repr": "*/1 * * * * (m/h/dM/MY/d) UTC", "action_flag": 3, "change_message": ""}}, {"model": "admin.logentry", "pk": 106, "fields": {"action_time": "2021-12-19T19:56:05.243Z", "user": 1, "content_type": 24, "object_id": "1", "object_repr": "0 4 * * * (m/h/dM/MY/d) UTC", "action_flag": 3, "change_message": ""}}, {"model": "admin.logentry", "pk": 107, "fields": {"action_time": "2021-12-19T19:56:16.361Z", "user": 1, "content_type": 25, "object_id": "1", "object_repr": "every 30 seconds", "action_flag": 3, "change_message": ""}}, {"model": "admin.logentry", "pk": 108, "fields": {"action_time": "2021-12-19T19:56:20.713Z", "user": 1, "content_type": 25, "object_id": "2", "object_repr": "every 5 seconds", "action_flag": 3, "change_message": ""}}, {"model": "admin.logentry", "pk": 109, "fields": {"action_time": "2021-12-19T20:04:03.680Z", "user": 1, "content_type": 24, "object_id": "3", "object_repr": "0 4 * * * (m/h/dM/MY/d) UTC", "action_flag": 3, "change_message": ""}}, {"model": "admin.logentry", "pk": 110, "fields": {"action_time": "2021-12-19T20:04:03.685Z", "user": 1, "content_type": 24, "object_id": "4", "object_repr": "30 7 * * 1 (m/h/dM/MY/d) UTC", "action_flag": 3, "change_message": ""}}, {"model": "admin.logentry", "pk": 111, "fields": {"action_time": "2021-12-19T20:04:13.000Z", "user": 1, "content_type": 25, "object_id": "5", "object_repr": "every second", "action_flag": 3, "change_message": ""}}, {"model": "admin.logentry", "pk": 112, "fields": {"action_time": "2021-12-19T20:04:13.007Z", "user": 1, "content_type": 25, "object_id": "6", "object_repr": "every 2 seconds", "action_flag": 3, "change_message": ""}}, {"model": "admin.logentry", "pk": 113, "fields": {"action_time": "2021-12-19T20:04:13.010Z", "user": 1, "content_type": 25, "object_id": "3", "object_repr": "every 10 seconds", "action_flag": 3, "change_message": ""}}, {"model": "admin.logentry", "pk": 114, "fields": {"action_time": "2021-12-19T20:04:13.014Z", "user": 1, "content_type": 25, "object_id": "4", "object_repr": "every 30 seconds", "action_flag": 3, "change_message": ""}}, {"model": "admin.logentry", "pk": 115, "fields": {"action_time": "2021-12-25T10:58:57.362Z", "user": 1, "content_type": 26, "object_id": "10", "object_repr": "myshop.celery.test('Happy Mondays!'): 1 * * * 1 (m/h/dM/MY/d) UTC", "action_flag": 3, "change_message": ""}}, {"model": "admin.logentry", "pk": 116, "fields": {"action_time": "2021-12-25T10:58:57.367Z", "user": 1, "content_type": 26, "object_id": "9", "object_repr": "myshop.celery.test('world'): every 60 seconds", "action_flag": 3, "change_message": ""}}, {"model": "admin.logentry", "pk": 117, "fields": {"action_time": "2021-12-25T10:58:57.371Z", "user": 1, "content_type": 26, "object_id": "8", "object_repr": "add every 10: every 60 seconds", "action_flag": 3, "change_message": ""}}, {"model": "admin.logentry", "pk": 118, "fields": {"action_time": "2021-12-25T10:58:57.375Z", "user": 1, "content_type": 26, "object_id": "7", "object_repr": "celery.backend_cleanup: 0 4 * * * (m/h/dM/MY/d) UTC", "action_flag": 3, "change_message": ""}}, {"model": "admin.logentry", "pk": 119, "fields": {"action_time": "2021-12-25T10:59:08.932Z", "user": 1, "content_type": 24, "object_id": "5", "object_repr": "0 4 * * * (m/h/dM/MY/d) UTC", "action_flag": 3, "change_message": ""}}, {"model": "admin.logentry", "pk": 120, "fields": {"action_time": "2021-12-25T10:59:08.940Z", "user": 1, "content_type": 24, "object_id": "7", "object_repr": "1 * * * 1 (m/h/dM/MY/d) UTC", "action_flag": 3, "change_message": ""}}, {"model": "admin.logentry", "pk": 121, "fields": {"action_time": "2021-12-25T10:59:08.958Z", "user": 1, "content_type": 24, "object_id": "6", "object_repr": "30 7 * * 1 (m/h/dM/MY/d) UTC", "action_flag": 3, "change_message": ""}}, {"model": "admin.logentry", "pk": 122, "fields": {"action_time": "2021-12-25T10:59:27.580Z", "user": 1, "content_type": 25, "object_id": "7", "object_repr": "every second", "action_flag": 3, "change_message": ""}}, {"model": "admin.logentry", "pk": 123, "fields": {"action_time": "2021-12-25T10:59:27.584Z", "user": 1, "content_type": 25, "object_id": "8", "object_repr": "every 2 seconds", "action_flag": 3, "change_message": ""}}, {"model": "admin.logentry", "pk": 124, "fields": {"action_time": "2021-12-25T10:59:27.587Z", "user": 1, "content_type": 25, "object_id": "10", "object_repr": "every 5 seconds", "action_flag": 3, "change_message": ""}}, {"model": "admin.logentry", "pk": 125, "fields": {"action_time": "2021-12-25T10:59:27.591Z", "user": 1, "content_type": 25, "object_id": "9", "object_repr": "every 60 seconds", "action_flag": 3, "change_message": ""}}, {"model": "admin.logentry", "pk": 126, "fields": {"action_time": "2021-12-25T11:03:32.589Z", "user": 1, "content_type": 24, "object_id": "8", "object_repr": "0 4 * * * (m/h/dM/MY/d) UTC", "action_flag": 3, "change_message": ""}}, {"model": "admin.logentry", "pk": 127, "fields": {"action_time": "2021-12-25T11:03:41.510Z", "user": 1, "content_type": 26, "object_id": "13", "object_repr": "add-every-30-seconds: every 30 seconds", "action_flag": 3, "change_message": ""}}, {"model": "admin.logentry", "pk": 128, "fields": {"action_time": "2021-12-25T11:03:41.515Z", "user": 1, "content_type": 26, "object_id": "12", "object_repr": "myshop.celery.test('Happy Mondays!'): every 5 seconds", "action_flag": 3, "change_message": ""}}, {"model": "admin.logentry", "pk": 129, "fields": {"action_time": "2021-12-25T11:04:36.444Z", "user": 1, "content_type": 24, "object_id": "9", "object_repr": "0 4 * * * (m/h/dM/MY/d) UTC", "action_flag": 3, "change_message": ""}}, {"model": "admin.logentry", "pk": 130, "fields": {"action_time": "2021-12-25T11:04:43.846Z", "user": 1, "content_type": 25, "object_id": "11", "object_repr": "every 5 seconds", "action_flag": 3, "change_message": ""}}, {"model": "admin.logentry", "pk": 131, "fields": {"action_time": "2021-12-25T11:04:43.849Z", "user": 1, "content_type": 25, "object_id": "12", "object_repr": "every 30 seconds", "action_flag": 3, "change_message": ""}}, {"model": "admin.logentry", "pk": 132, "fields": {"action_time": "2021-12-25T11:07:12.940Z", "user": 1, "content_type": 26, "object_id": "18", "object_repr": "add-every-30-seconds: every 10 seconds", "action_flag": 3, "change_message": ""}}, {"model": "admin.logentry", "pk": 133, "fields": {"action_time": "2021-12-25T11:07:12.946Z", "user": 1, "content_type": 26, "object_id": "17", "object_repr": "celery.backend_cleanup: 0 4 * * * (m/h/dM/MY/d) UTC", "action_flag": 3, "change_message": ""}}, {"model": "admin.logentry", "pk": 134, "fields": {"action_time": "2021-12-25T11:07:23.037Z", "user": 1, "content_type": 25, "object_id": "14", "object_repr": "every 10 seconds", "action_flag": 3, "change_message": ""}}, {"model": "admin.logentry", "pk": 135, "fields": {"action_time": "2021-12-25T11:07:23.041Z", "user": 1, "content_type": 25, "object_id": "13", "object_repr": "every 30 seconds", "action_flag": 3, "change_message": ""}}, {"model": "admin.logentry", "pk": 136, "fields": {"action_time": "2021-12-25T11:07:33.688Z", "user": 1, "content_type": 24, "object_id": "10", "object_repr": "0 4 * * * (m/h/dM/MY/d) UTC", "action_flag": 3, "change_message": ""}}, {"model": "admin.logentry", "pk": 137, "fields": {"action_time": "2021-12-25T11:33:57.627Z", "user": 1, "content_type": 26, "object_id": "20", "object_repr": "add-every-30-seconds: every 10 seconds", "action_flag": 3, "change_message": ""}}, {"model": "admin.logentry", "pk": 138, "fields": {"action_time": "2021-12-25T11:33:57.631Z", "user": 1, "content_type": 26, "object_id": "19", "object_repr": "celery.backend_cleanup: 0 4 * * * (m/h/dM/MY/d) UTC", "action_flag": 3, "change_message": ""}}, {"model": "admin.logentry", "pk": 139, "fields": {"action_time": "2021-12-25T11:34:04.700Z", "user": 1, "content_type": 24, "object_id": "11", "object_repr": "0 4 * * * (m/h/dM/MY/d) UTC", "action_flag": 3, "change_message": ""}}, {"model": "admin.logentry", "pk": 140, "fields": {"action_time": "2021-12-25T11:34:13.986Z", "user": 1, "content_type": 25, "object_id": "15", "object_repr": "every 10 seconds", "action_flag": 3, "change_message": ""}}, {"model": "admin.logentry", "pk": 141, "fields": {"action_time": "2021-12-25T11:39:51.209Z", "user": 1, "content_type": 24, "object_id": "12", "object_repr": "0 4 * * * (m/h/dM/MY/d) UTC", "action_flag": 3, "change_message": ""}}, {"model": "admin.logentry", "pk": 142, "fields": {"action_time": "2021-12-25T11:39:57.765Z", "user": 1, "content_type": 25, "object_id": "16", "object_repr": "every 10 seconds", "action_flag": 3, "change_message": ""}}, {"model": "admin.logentry", "pk": 143, "fields": {"action_time": "2021-12-25T11:44:53.754Z", "user": 1, "content_type": 24, "object_id": "13", "object_repr": "0 4 * * * (m/h/dM/MY/d) UTC", "action_flag": 3, "change_message": ""}}, {"model": "admin.logentry", "pk": 144, "fields": {"action_time": "2021-12-25T11:45:19.507Z", "user": 1, "content_type": 25, "object_id": "17", "object_repr": "every 10 seconds", "action_flag": 3, "change_message": ""}}, {"model": "admin.logentry", "pk": 145, "fields": {"action_time": "2021-12-25T11:54:54.124Z", "user": 1, "content_type": 24, "object_id": "14", "object_repr": "0 4 * * * (m/h/dM/MY/d) UTC", "action_flag": 3, "change_message": ""}}, {"model": "admin.logentry", "pk": 146, "fields": {"action_time": "2021-12-25T11:55:03.024Z", "user": 1, "content_type": 25, "object_id": "18", "object_repr": "every 10 seconds", "action_flag": 3, "change_message": ""}}, {"model": "admin.logentry", "pk": 147, "fields": {"action_time": "2021-12-25T11:58:19.893Z", "user": 1, "content_type": 26, "object_id": "30", "object_repr": "myshop.celery.test('Happy Mondays!'): every 5 seconds", "action_flag": 3, "change_message": ""}}, {"model": "admin.logentry", "pk": 148, "fields": {"action_time": "2021-12-25T11:58:19.898Z", "user": 1, "content_type": 26, "object_id": "29", "object_repr": "run-me-every-ten-seconds: every 10 seconds", "action_flag": 3, "change_message": ""}}, {"model": "admin.logentry", "pk": 149, "fields": {"action_time": "2021-12-25T11:58:19.903Z", "user": 1, "content_type": 26, "object_id": "28", "object_repr": "celery.backend_cleanup: 0 4 * * * (m/h/dM/MY/d) UTC", "action_flag": 3, "change_message": ""}}, {"model": "admin.logentry", "pk": 150, "fields": {"action_time": "2021-12-25T12:00:04.288Z", "user": 1, "content_type": 26, "object_id": "33", "object_repr": "myshop.celery.test('Happy Mondays!'): every 5 seconds", "action_flag": 3, "change_message": ""}}, {"model": "admin.logentry", "pk": 151, "fields": {"action_time": "2021-12-25T12:00:04.294Z", "user": 1, "content_type": 26, "object_id": "32", "object_repr": "run-me-every-ten-seconds: every 10 seconds", "action_flag": 3, "change_message": ""}}, {"model": "admin.logentry", "pk": 152, "fields": {"action_time": "2021-12-25T12:00:04.297Z", "user": 1, "content_type": 26, "object_id": "31", "object_repr": "celery.backend_cleanup: 0 4 * * * (m/h/dM/MY/d) UTC", "action_flag": 3, "change_message": ""}}, {"model": "admin.logentry", "pk": 153, "fields": {"action_time": "2021-12-25T12:01:56.771Z", "user": 1, "content_type": 26, "object_id": "37", "object_repr": "add-every-30-seconds: every 30 seconds", "action_flag": 3, "change_message": ""}}, {"model": "admin.logentry", "pk": 154, "fields": {"action_time": "2021-12-25T12:01:56.777Z", "user": 1, "content_type": 26, "object_id": "36", "object_repr": "myshop.celery.test('Happy Mondays!'): every 5 seconds", "action_flag": 3, "change_message": ""}}, {"model": "admin.logentry", "pk": 155, "fields": {"action_time": "2021-12-25T12:01:56.781Z", "user": 1, "content_type": 26, "object_id": "35", "object_repr": "run-me-every-ten-seconds: every 10 seconds", "action_flag": 3, "change_message": ""}}, {"model": "admin.logentry", "pk": 156, "fields": {"action_time": "2021-12-25T12:01:56.784Z", "user": 1, "content_type": 26, "object_id": "34", "object_repr": "celery.backend_cleanup: 0 4 * * * (m/h/dM/MY/d) UTC", "action_flag": 3, "change_message": ""}}, {"model": "admin.logentry", "pk": 157, "fields": {"action_time": "2021-12-27T13:28:31.496Z", "user": 1, "content_type": 26, "object_id": "40", "object_repr": "myshop.celery.test('Happy Mondays!'): every 5 seconds", "action_flag": 3, "change_message": ""}}, {"model": "admin.logentry", "pk": 158, "fields": {"action_time": "2021-12-27T13:28:31.500Z", "user": 1, "content_type": 26, "object_id": "39", "object_repr": "add-every-30-seconds: every 30 seconds", "action_flag": 3, "change_message": ""}}, {"model": "admin.logentry", "pk": 159, "fields": {"action_time": "2021-12-27T13:28:31.508Z", "user": 1, "content_type": 26, "object_id": "38", "object_repr": "celery.backend_cleanup: 0 4 * * * (m/h/dM/MY/d) UTC", "action_flag": 3, "change_message": ""}}, {"model": "admin.logentry", "pk": 160, "fields": {"action_time": "2021-12-27T13:28:41.977Z", "user": 1, "content_type": 24, "object_id": "15", "object_repr": "0 4 * * * (m/h/dM/MY/d) UTC", "action_flag": 3, "change_message": ""}}, {"model": "admin.logentry", "pk": 161, "fields": {"action_time": "2021-12-27T13:28:49.486Z", "user": 1, "content_type": 25, "object_id": "20", "object_repr": "every 5 seconds", "action_flag": 3, "change_message": ""}}, {"model": "admin.logentry", "pk": 162, "fields": {"action_time": "2021-12-27T13:28:49.492Z", "user": 1, "content_type": 25, "object_id": "19", "object_repr": "every 10 seconds", "action_flag": 3, "change_message": ""}}, {"model": "admin.logentry", "pk": 163, "fields": {"action_time": "2021-12-27T13:28:49.501Z", "user": 1, "content_type": 25, "object_id": "21", "object_repr": "every 30 seconds", "action_flag": 3, "change_message": ""}}, {"model": "admin.logentry", "pk": 164, "fields": {"action_time": "2021-12-27T13:31:58.605Z", "user": 1, "content_type": 26, "object_id": "43", "object_repr": "myshop.celery.test('Happy Mondays!'): every 5 seconds", "action_flag": 3, "change_message": ""}}, {"model": "admin.logentry", "pk": 165, "fields": {"action_time": "2021-12-27T13:31:58.613Z", "user": 1, "content_type": 26, "object_id": "42", "object_repr": "add-every-30-seconds: every 10 seconds", "action_flag": 3, "change_message": ""}}, {"model": "admin.logentry", "pk": 166, "fields": {"action_time": "2021-12-27T13:31:58.621Z", "user": 1, "content_type": 26, "object_id": "41", "object_repr": "celery.backend_cleanup: 0 4 * * * (m/h/dM/MY/d) UTC", "action_flag": 3, "change_message": ""}}, {"model": "admin.logentry", "pk": 167, "fields": {"action_time": "2021-12-27T13:32:48.075Z", "user": 1, "content_type": 26, "object_id": "46", "object_repr": "myshop.celery.test('Happy Mondays!'): every 5 seconds", "action_flag": 3, "change_message": ""}}, {"model": "admin.logentry", "pk": 168, "fields": {"action_time": "2021-12-27T13:32:48.082Z", "user": 1, "content_type": 26, "object_id": "45", "object_repr": "add-every-30-seconds: every 10 seconds", "action_flag": 3, "change_message": ""}}, {"model": "admin.logentry", "pk": 169, "fields": {"action_time": "2021-12-27T13:32:48.090Z", "user": 1, "content_type": 26, "object_id": "44", "object_repr": "celery.backend_cleanup: 0 4 * * * (m/h/dM/MY/d) UTC", "action_flag": 3, "change_message": ""}}, {"model": "admin.logentry", "pk": 170, "fields": {"action_time": "2021-12-27T16:04:57.320Z", "user": 1, "content_type": 26, "object_id": "49", "object_repr": "myshop.celery.test('Happy Mondays!'): every 5 seconds", "action_flag": 3, "change_message": ""}}, {"model": "admin.logentry", "pk": 171, "fields": {"action_time": "2021-12-27T16:04:57.329Z", "user": 1, "content_type": 26, "object_id": "48", "object_repr": "add-every-30-seconds: every 10 seconds", "action_flag": 3, "change_message": ""}}, {"model": "admin.logentry", "pk": 172, "fields": {"action_time": "2021-12-27T16:04:57.336Z", "user": 1, "content_type": 26, "object_id": "47", "object_repr": "celery.backend_cleanup: 0 4 * * * (m/h/dM/MY/d) UTC", "action_flag": 3, "change_message": ""}}, {"model": "admin.logentry", "pk": 173, "fields": {"action_time": "2021-12-27T16:06:44.436Z", "user": 1, "content_type": 26, "object_id": "52", "object_repr": "send-mail-every-week: 1 * * * * (m/h/dM/MY/d) UTC", "action_flag": 3, "change_message": ""}}, {"model": "admin.logentry", "pk": 174, "fields": {"action_time": "2021-12-27T16:06:44.440Z", "user": 1, "content_type": 26, "object_id": "51", "object_repr": "myshop.celery.test('Happy Mondays!'): every 5 seconds", "action_flag": 3, "change_message": ""}}, {"model": "admin.logentry", "pk": 175, "fields": {"action_time": "2021-12-27T16:06:44.445Z", "user": 1, "content_type": 26, "object_id": "50", "object_repr": "celery.backend_cleanup: 0 4 * * * (m/h/dM/MY/d) UTC", "action_flag": 3, "change_message": ""}}, {"model": "admin.logentry", "pk": 176, "fields": {"action_time": "2021-12-27T16:10:58.889Z", "user": 1, "content_type": 26, "object_id": "55", "object_repr": "myshop.celery.test('Happy Mondays!'): every 5 seconds", "action_flag": 3, "change_message": ""}}, {"model": "admin.logentry", "pk": 177, "fields": {"action_time": "2021-12-27T16:10:58.894Z", "user": 1, "content_type": 26, "object_id": "54", "object_repr": "send-mail-every-week: 1 * * * * (m/h/dM/MY/d) UTC", "action_flag": 3, "change_message": ""}}, {"model": "admin.logentry", "pk": 178, "fields": {"action_time": "2021-12-27T16:10:58.899Z", "user": 1, "content_type": 26, "object_id": "53", "object_repr": "celery.backend_cleanup: 0 4 * * * (m/h/dM/MY/d) UTC", "action_flag": 3, "change_message": ""}}, {"model": "admin.logentry", "pk": 179, "fields": {"action_time": "2021-12-27T16:11:08.948Z", "user": 1, "content_type": 24, "object_id": "17", "object_repr": "1 * * * * (m/h/dM/MY/d) UTC", "action_flag": 3, "change_message": ""}}, {"model": "admin.logentry", "pk": 180, "fields": {"action_time": "2021-12-27T16:11:08.952Z", "user": 1, "content_type": 24, "object_id": "16", "object_repr": "0 4 * * * (m/h/dM/MY/d) UTC", "action_flag": 3, "change_message": ""}}, {"model": "admin.logentry", "pk": 181, "fields": {"action_time": "2021-12-27T16:11:16.310Z", "user": 1, "content_type": 25, "object_id": "23", "object_repr": "every 5 seconds", "action_flag": 3, "change_message": ""}}, {"model": "admin.logentry", "pk": 182, "fields": {"action_time": "2021-12-27T16:11:16.316Z", "user": 1, "content_type": 25, "object_id": "22", "object_repr": "every 10 seconds", "action_flag": 3, "change_message": ""}}, {"model": "admin.logentry", "pk": 183, "fields": {"action_time": "2021-12-27T16:13:37.706Z", "user": 1, "content_type": 26, "object_id": "58", "object_repr": "myshop.celery.test('Happy Mondays!'): every 5 seconds", "action_flag": 3, "change_message": ""}}, {"model": "admin.logentry", "pk": 184, "fields": {"action_time": "2021-12-27T16:13:37.709Z", "user": 1, "content_type": 26, "object_id": "57", "object_repr": "send-mail-every-week: * * * * * (m/h/dM/MY/d) UTC", "action_flag": 3, "change_message": ""}}, {"model": "admin.logentry", "pk": 185, "fields": {"action_time": "2021-12-27T16:13:37.713Z", "user": 1, "content_type": 26, "object_id": "56", "object_repr": "celery.backend_cleanup: 0 4 * * * (m/h/dM/MY/d) UTC", "action_flag": 3, "change_message": ""}}, {"model": "admin.logentry", "pk": 186, "fields": {"action_time": "2021-12-27T16:13:45.842Z", "user": 1, "content_type": 24, "object_id": "19", "object_repr": "* * * * * (m/h/dM/MY/d) UTC", "action_flag": 3, "change_message": ""}}, {"model": "admin.logentry", "pk": 187, "fields": {"action_time": "2021-12-27T16:13:45.848Z", "user": 1, "content_type": 24, "object_id": "18", "object_repr": "0 4 * * * (m/h/dM/MY/d) UTC", "action_flag": 3, "change_message": ""}}, {"model": "admin.logentry", "pk": 188, "fields": {"action_time": "2021-12-27T16:15:05.795Z", "user": 1, "content_type": 26, "object_id": "61", "object_repr": "myshop.celery.test('Happy Mondays!'): every 5 seconds", "action_flag": 3, "change_message": ""}}, {"model": "admin.logentry", "pk": 189, "fields": {"action_time": "2021-12-27T16:15:05.806Z", "user": 1, "content_type": 26, "object_id": "60", "object_repr": "send-mail-every-week: * * * * * (m/h/dM/MY/d) UTC", "action_flag": 3, "change_message": ""}}, {"model": "admin.logentry", "pk": 190, "fields": {"action_time": "2021-12-27T16:15:05.811Z", "user": 1, "content_type": 26, "object_id": "59", "object_repr": "celery.backend_cleanup: 0 4 * * * (m/h/dM/MY/d) UTC", "action_flag": 3, "change_message": ""}}, {"model": "admin.logentry", "pk": 191, "fields": {"action_time": "2021-12-27T16:15:14.738Z", "user": 1, "content_type": 24, "object_id": "21", "object_repr": "* * * * * (m/h/dM/MY/d) UTC", "action_flag": 3, "change_message": ""}}, {"model": "admin.logentry", "pk": 192, "fields": {"action_time": "2021-12-27T16:15:14.742Z", "user": 1, "content_type": 24, "object_id": "20", "object_repr": "0 4 * * * (m/h/dM/MY/d) UTC", "action_flag": 3, "change_message": ""}}, {"model": "admin.logentry", "pk": 193, "fields": {"action_time": "2021-12-27T16:15:27.818Z", "user": 1, "content_type": 25, "object_id": "24", "object_repr": "every 5 seconds", "action_flag": 3, "change_message": ""}}, {"model": "admin.logentry", "pk": 194, "fields": {"action_time": "2021-12-27T16:19:57.601Z", "user": 1, "content_type": 26, "object_id": "63", "object_repr": "send-mail-every-week: * * * * * (m/h/dM/MY/d) UTC", "action_flag": 3, "change_message": ""}}, {"model": "admin.logentry", "pk": 195, "fields": {"action_time": "2021-12-27T16:19:57.609Z", "user": 1, "content_type": 26, "object_id": "62", "object_repr": "celery.backend_cleanup: 0 4 * * * (m/h/dM/MY/d) UTC", "action_flag": 3, "change_message": ""}}, {"model": "admin.logentry", "pk": 196, "fields": {"action_time": "2021-12-27T16:23:47.811Z", "user": 1, "content_type": 24, "object_id": "23", "object_repr": "* * * * * (m/h/dM/MY/d) UTC", "action_flag": 3, "change_message": ""}}, {"model": "admin.logentry", "pk": 197, "fields": {"action_time": "2021-12-27T16:23:47.815Z", "user": 1, "content_type": 24, "object_id": "22", "object_repr": "0 4 * * * (m/h/dM/MY/d) UTC", "action_flag": 3, "change_message": ""}}, {"model": "admin.logentry", "pk": 198, "fields": {"action_time": "2021-12-27T16:26:42.229Z", "user": 1, "content_type": 26, "object_id": "67", "object_repr": "add-every-30-seconds: * * * * * (m/h/dM/MY/d) UTC", "action_flag": 3, "change_message": ""}}, {"model": "admin.logentry", "pk": 199, "fields": {"action_time": "2021-12-27T16:26:42.235Z", "user": 1, "content_type": 26, "object_id": "66", "object_repr": "celery.backend_cleanup: 0 4 * * * (m/h/dM/MY/d) UTC", "action_flag": 3, "change_message": ""}}, {"model": "admin.logentry", "pk": 200, "fields": {"action_time": "2021-12-29T09:32:08.242Z", "user": 1, "content_type": 26, "object_id": "70", "object_repr": "myshop.celery.test('Happy Mondays!'): every 5 seconds", "action_flag": 3, "change_message": ""}}, {"model": "admin.logentry", "pk": 201, "fields": {"action_time": "2021-12-29T09:32:08.247Z", "user": 1, "content_type": 26, "object_id": "69", "object_repr": "add-every-30-seconds: every 10 seconds", "action_flag": 3, "change_message": ""}}, {"model": "admin.logentry", "pk": 202, "fields": {"action_time": "2021-12-29T09:32:08.251Z", "user": 1, "content_type": 26, "object_id": "68", "object_repr": "celery.backend_cleanup: 0 4 * * * (m/h/dM/MY/d) UTC", "action_flag": 3, "change_message": ""}}, {"model": "admin.logentry", "pk": 203, "fields": {"action_time": "2021-12-29T09:32:17.173Z", "user": 1, "content_type": 24, "object_id": "25", "object_repr": "* * * * * (m/h/dM/MY/d) UTC", "action_flag": 3, "change_message": ""}}, {"model": "admin.logentry", "pk": 204, "fields": {"action_time": "2021-12-29T09:32:17.176Z", "user": 1, "content_type": 24, "object_id": "24", "object_repr": "0 4 * * * (m/h/dM/MY/d) UTC", "action_flag": 3, "change_message": ""}}, {"model": "admin.logentry", "pk": 205, "fields": {"action_time": "2021-12-29T09:32:25.476Z", "user": 1, "content_type": 25, "object_id": "26", "object_repr": "every 5 seconds", "action_flag": 3, "change_message": ""}}, {"model": "admin.logentry", "pk": 206, "fields": {"action_time": "2021-12-29T09:32:25.480Z", "user": 1, "content_type": 25, "object_id": "25", "object_repr": "every 10 seconds", "action_flag": 3, "change_message": ""}}, {"model": "admin.logentry", "pk": 207, "fields": {"action_time": "2021-12-29T09:36:15.836Z", "user": 1, "content_type": 26, "object_id": "72", "object_repr": "add-every-30-seconds: * * * * * (m/h/dM/MY/d) UTC", "action_flag": 3, "change_message": ""}}, {"model": "admin.logentry", "pk": 208, "fields": {"action_time": "2021-12-29T09:36:15.839Z", "user": 1, "content_type": 26, "object_id": "71", "object_repr": "celery.backend_cleanup: 0 4 * * * (m/h/dM/MY/d) UTC", "action_flag": 3, "change_message": ""}}, {"model": "admin.logentry", "pk": 209, "fields": {"action_time": "2021-12-29T09:36:26.192Z", "user": 1, "content_type": 24, "object_id": "27", "object_repr": "* * * * * (m/h/dM/MY/d) UTC", "action_flag": 3, "change_message": ""}}, {"model": "admin.logentry", "pk": 210, "fields": {"action_time": "2021-12-29T09:36:26.294Z", "user": 1, "content_type": 24, "object_id": "26", "object_repr": "0 4 * * * (m/h/dM/MY/d) UTC", "action_flag": 3, "change_message": ""}}, {"model": "admin.logentry", "pk": 211, "fields": {"action_time": "2021-12-29T09:37:45.729Z", "user": 1, "content_type": 26, "object_id": "74", "object_repr": "add-every-30-seconds: * * * * * (m/h/dM/MY/d) UTC", "action_flag": 3, "change_message": ""}}, {"model": "admin.logentry", "pk": 212, "fields": {"action_time": "2021-12-29T09:37:45.736Z", "user": 1, "content_type": 26, "object_id": "73", "object_repr": "celery.backend_cleanup: 0 4 * * * (m/h/dM/MY/d) UTC", "action_flag": 3, "change_message": ""}}, {"model": "admin.logentry", "pk": 213, "fields": {"action_time": "2021-12-29T09:40:15.097Z", "user": 1, "content_type": 24, "object_id": "29", "object_repr": "* * * * * (m/h/dM/MY/d) UTC", "action_flag": 3, "change_message": ""}}, {"model": "admin.logentry", "pk": 214, "fields": {"action_time": "2021-12-29T09:40:15.111Z", "user": 1, "content_type": 24, "object_id": "28", "object_repr": "0 4 * * * (m/h/dM/MY/d) UTC", "action_flag": 3, "change_message": ""}}, {"model": "admin.logentry", "pk": 215, "fields": {"action_time": "2021-12-29T09:42:10.862Z", "user": 1, "content_type": 26, "object_id": "78", "object_repr": "add-every-30-seconds: * * * * * (m/h/dM/MY/d) UTC", "action_flag": 3, "change_message": ""}}, {"model": "admin.logentry", "pk": 216, "fields": {"action_time": "2021-12-29T09:42:10.867Z", "user": 1, "content_type": 26, "object_id": "77", "object_repr": "celery.backend_cleanup: 0 4 * * * (m/h/dM/MY/d) UTC", "action_flag": 3, "change_message": ""}}, {"model": "admin.logentry", "pk": 217, "fields": {"action_time": "2021-12-29T09:43:34.932Z", "user": 1, "content_type": 26, "object_id": "81", "object_repr": "myshop.celery.test('Happy Mondays!'): every 5 seconds", "action_flag": 3, "change_message": ""}}, {"model": "admin.logentry", "pk": 218, "fields": {"action_time": "2021-12-29T09:43:34.938Z", "user": 1, "content_type": 26, "object_id": "80", "object_repr": "add-every-30-seconds: * * * * * (m/h/dM/MY/d) UTC", "action_flag": 3, "change_message": ""}}, {"model": "admin.logentry", "pk": 219, "fields": {"action_time": "2021-12-29T09:43:34.942Z", "user": 1, "content_type": 26, "object_id": "79", "object_repr": "celery.backend_cleanup: 0 4 * * * (m/h/dM/MY/d) UTC", "action_flag": 3, "change_message": ""}}, {"model": "admin.logentry", "pk": 220, "fields": {"action_time": "2021-12-29T10:13:44.598Z", "user": 1, "content_type": 26, "object_id": "84", "object_repr": "myshop.celery.test('Happy Mondays!'): every 5 seconds", "action_flag": 3, "change_message": ""}}, {"model": "admin.logentry", "pk": 221, "fields": {"action_time": "2021-12-29T10:13:44.603Z", "user": 1, "content_type": 26, "object_id": "83", "object_repr": "add-every-30-seconds: every 10 seconds", "action_flag": 3, "change_message": ""}}, {"model": "admin.logentry", "pk": 222, "fields": {"action_time": "2021-12-29T10:13:44.609Z", "user": 1, "content_type": 26, "object_id": "82", "object_repr": "celery.backend_cleanup: 0 4 * * * (m/h/dM/MY/d) UTC", "action_flag": 3, "change_message": ""}}, {"model": "admin.logentry", "pk": 223, "fields": {"action_time": "2021-12-29T10:13:55.640Z", "user": 1, "content_type": 24, "object_id": "31", "object_repr": "* * * * * (m/h/dM/MY/d) UTC", "action_flag": 3, "change_message": ""}}, {"model": "admin.logentry", "pk": 224, "fields": {"action_time": "2021-12-29T10:13:55.643Z", "user": 1, "content_type": 24, "object_id": "30", "object_repr": "0 4 * * * (m/h/dM/MY/d) UTC", "action_flag": 3, "change_message": ""}}, {"model": "admin.logentry", "pk": 225, "fields": {"action_time": "2021-12-29T10:21:29.546Z", "user": 1, "content_type": 26, "object_id": "87", "object_repr": "myshop.celery.test('Happy Mondays!'): every 5 seconds", "action_flag": 3, "change_message": ""}}, {"model": "admin.logentry", "pk": 226, "fields": {"action_time": "2021-12-29T10:21:29.554Z", "user": 1, "content_type": 26, "object_id": "86", "object_repr": "add-every-30-seconds: every 10 seconds", "action_flag": 3, "change_message": ""}}, {"model": "admin.logentry", "pk": 227, "fields": {"action_time": "2021-12-29T10:21:29.557Z", "user": 1, "content_type": 26, "object_id": "85", "object_repr": "celery.backend_cleanup: 0 4 * * * (m/h/dM/MY/d) UTC", "action_flag": 3, "change_message": ""}}, {"model": "admin.logentry", "pk": 228, "fields": {"action_time": "2021-12-29T10:22:59.639Z", "user": 1, "content_type": 26, "object_id": "90", "object_repr": "myshop.celery.test('Happy Mondays!'): every 5 seconds", "action_flag": 3, "change_message": ""}}, {"model": "admin.logentry", "pk": 229, "fields": {"action_time": "2021-12-29T10:22:59.645Z", "user": 1, "content_type": 26, "object_id": "89", "object_repr": "add-every-30-seconds: every 10 seconds", "action_flag": 3, "change_message": ""}}, {"model": "admin.logentry", "pk": 230, "fields": {"action_time": "2021-12-29T10:22:59.648Z", "user": 1, "content_type": 26, "object_id": "88", "object_repr": "celery.backend_cleanup: 0 4 * * * (m/h/dM/MY/d) UTC", "action_flag": 3, "change_message": ""}}, {"model": "admin.logentry", "pk": 231, "fields": {"action_time": "2021-12-29T10:25:24.258Z", "user": 1, "content_type": 26, "object_id": "93", "object_repr": "myshop.celery.test('Happy Mondays!'): every 5 seconds", "action_flag": 3, "change_message": ""}}, {"model": "admin.logentry", "pk": 232, "fields": {"action_time": "2021-12-29T10:25:24.262Z", "user": 1, "content_type": 26, "object_id": "92", "object_repr": "add-every-30-seconds: every 10 seconds", "action_flag": 3, "change_message": ""}}, {"model": "admin.logentry", "pk": 233, "fields": {"action_time": "2021-12-29T10:25:24.265Z", "user": 1, "content_type": 26, "object_id": "91", "object_repr": "celery.backend_cleanup: 0 4 * * * (m/h/dM/MY/d) UTC", "action_flag": 3, "change_message": ""}}, {"model": "admin.logentry", "pk": 234, "fields": {"action_time": "2021-12-29T10:26:27.607Z", "user": 1, "content_type": 26, "object_id": "96", "object_repr": "myshop.celery.test('Happy Mondays!'): every 5 seconds", "action_flag": 3, "change_message": ""}}, {"model": "admin.logentry", "pk": 235, "fields": {"action_time": "2021-12-29T10:26:27.612Z", "user": 1, "content_type": 26, "object_id": "95", "object_repr": "add-every-30-seconds: every 10 seconds", "action_flag": 3, "change_message": ""}}, {"model": "admin.logentry", "pk": 236, "fields": {"action_time": "2021-12-29T10:26:27.616Z", "user": 1, "content_type": 26, "object_id": "94", "object_repr": "celery.backend_cleanup: 0 4 * * * (m/h/dM/MY/d) UTC", "action_flag": 3, "change_message": ""}}, {"model": "admin.logentry", "pk": 237, "fields": {"action_time": "2021-12-29T10:26:36.551Z", "user": 1, "content_type": 24, "object_id": "32", "object_repr": "0 4 * * * (m/h/dM/MY/d) UTC", "action_flag": 3, "change_message": ""}}, {"model": "admin.logentry", "pk": 238, "fields": {"action_time": "2021-12-29T10:26:43.583Z", "user": 1, "content_type": 25, "object_id": "27", "object_repr": "every 5 seconds", "action_flag": 3, "change_message": ""}}, {"model": "admin.logentry", "pk": 239, "fields": {"action_time": "2021-12-29T10:26:43.590Z", "user": 1, "content_type": 25, "object_id": "28", "object_repr": "every 10 seconds", "action_flag": 3, "change_message": ""}}, {"model": "admin.logentry", "pk": 240, "fields": {"action_time": "2021-12-29T10:27:51.652Z", "user": 1, "content_type": 26, "object_id": "99", "object_repr": "myshop.celery.test('Happy Mondays!'): every 5 seconds", "action_flag": 3, "change_message": ""}}, {"model": "admin.logentry", "pk": 241, "fields": {"action_time": "2021-12-29T10:27:51.662Z", "user": 1, "content_type": 26, "object_id": "98", "object_repr": "add-every-30-seconds: every 10 seconds", "action_flag": 3, "change_message": ""}}, {"model": "admin.logentry", "pk": 242, "fields": {"action_time": "2021-12-29T10:27:51.665Z", "user": 1, "content_type": 26, "object_id": "97", "object_repr": "celery.backend_cleanup: 0 4 * * * (m/h/dM/MY/d) UTC", "action_flag": 3, "change_message": ""}}, {"model": "admin.logentry", "pk": 243, "fields": {"action_time": "2021-12-29T10:30:16.787Z", "user": 1, "content_type": 26, "object_id": "102", "object_repr": "myshop.celery.test('Happy Mondays!'): every 5 seconds", "action_flag": 3, "change_message": ""}}, {"model": "admin.logentry", "pk": 244, "fields": {"action_time": "2021-12-29T10:30:16.792Z", "user": 1, "content_type": 26, "object_id": "101", "object_repr": "add-every-30-seconds: every 10 seconds", "action_flag": 3, "change_message": ""}}, {"model": "admin.logentry", "pk": 245, "fields": {"action_time": "2021-12-29T10:30:16.800Z", "user": 1, "content_type": 26, "object_id": "100", "object_repr": "celery.backend_cleanup: 0 4 * * * (m/h/dM/MY/d) UTC", "action_flag": 3, "change_message": ""}}, {"model": "admin.logentry", "pk": 246, "fields": {"action_time": "2021-12-29T10:31:09.960Z", "user": 1, "content_type": 26, "object_id": "105", "object_repr": "myshop.celery.test('Happy Mondays!'): every 5 seconds", "action_flag": 3, "change_message": ""}}, {"model": "admin.logentry", "pk": 247, "fields": {"action_time": "2021-12-29T10:31:09.970Z", "user": 1, "content_type": 26, "object_id": "104", "object_repr": "add-every-30-seconds: every 10 seconds", "action_flag": 3, "change_message": ""}}, {"model": "admin.logentry", "pk": 248, "fields": {"action_time": "2021-12-29T10:31:09.975Z", "user": 1, "content_type": 26, "object_id": "103", "object_repr": "celery.backend_cleanup: 0 4 * * * (m/h/dM/MY/d) UTC", "action_flag": 3, "change_message": ""}}, {"model": "admin.logentry", "pk": 249, "fields": {"action_time": "2021-12-29T10:33:23.603Z", "user": 1, "content_type": 26, "object_id": "108", "object_repr": "myshop.celery.test('Happy Mondays!'): every 5 seconds", "action_flag": 3, "change_message": ""}}, {"model": "admin.logentry", "pk": 250, "fields": {"action_time": "2021-12-29T10:33:23.608Z", "user": 1, "content_type": 26, "object_id": "107", "object_repr": "add-every-30-seconds: every 10 seconds", "action_flag": 3, "change_message": ""}}, {"model": "admin.logentry", "pk": 251, "fields": {"action_time": "2021-12-29T10:33:23.615Z", "user": 1, "content_type": 26, "object_id": "106", "object_repr": "celery.backend_cleanup: 0 4 * * * (m/h/dM/MY/d) UTC", "action_flag": 3, "change_message": ""}}, {"model": "admin.logentry", "pk": 252, "fields": {"action_time": "2021-12-29T10:33:32.988Z", "user": 1, "content_type": 24, "object_id": "33", "object_repr": "0 4 * * * (m/h/dM/MY/d) UTC", "action_flag": 3, "change_message": ""}}, {"model": "admin.logentry", "pk": 253, "fields": {"action_time": "2021-12-29T10:33:42.300Z", "user": 1, "content_type": 25, "object_id": "30", "object_repr": "every 5 seconds", "action_flag": 3, "change_message": ""}}, {"model": "admin.logentry", "pk": 254, "fields": {"action_time": "2021-12-29T10:33:42.303Z", "user": 1, "content_type": 25, "object_id": "29", "object_repr": "every 10 seconds", "action_flag": 3, "change_message": ""}}, {"model": "admin.logentry", "pk": 255, "fields": {"action_time": "2021-12-29T10:35:29.745Z", "user": 1, "content_type": 26, "object_id": "111", "object_repr": "myshop.celery.test('Happy Mondays!'): every 5 seconds", "action_flag": 3, "change_message": ""}}, {"model": "admin.logentry", "pk": 256, "fields": {"action_time": "2021-12-29T10:35:29.751Z", "user": 1, "content_type": 26, "object_id": "110", "object_repr": "add-every-30-seconds: every 10 seconds", "action_flag": 3, "change_message": ""}}, {"model": "admin.logentry", "pk": 257, "fields": {"action_time": "2021-12-29T10:35:29.756Z", "user": 1, "content_type": 26, "object_id": "109", "object_repr": "celery.backend_cleanup: 0 4 * * * (m/h/dM/MY/d) UTC", "action_flag": 3, "change_message": ""}}, {"model": "admin.logentry", "pk": 258, "fields": {"action_time": "2021-12-29T10:38:19.990Z", "user": 1, "content_type": 26, "object_id": "114", "object_repr": "myshop.celery.test('Happy Mondays!'): every 5 seconds", "action_flag": 3, "change_message": ""}}, {"model": "admin.logentry", "pk": 259, "fields": {"action_time": "2021-12-29T10:38:19.998Z", "user": 1, "content_type": 26, "object_id": "113", "object_repr": "run-me-every-ten-seconds: every 10 seconds", "action_flag": 3, "change_message": ""}}, {"model": "admin.logentry", "pk": 260, "fields": {"action_time": "2021-12-29T10:38:20.007Z", "user": 1, "content_type": 26, "object_id": "112", "object_repr": "celery.backend_cleanup: 0 4 * * * (m/h/dM/MY/d) UTC", "action_flag": 3, "change_message": ""}}, {"model": "admin.logentry", "pk": 261, "fields": {"action_time": "2021-12-29T10:40:06.902Z", "user": 1, "content_type": 26, "object_id": "117", "object_repr": "myshop.celery.test('Happy Mondays!'): every 5 seconds", "action_flag": 3, "change_message": ""}}, {"model": "admin.logentry", "pk": 262, "fields": {"action_time": "2021-12-29T10:40:06.907Z", "user": 1, "content_type": 26, "object_id": "116", "object_repr": "run-me-every-ten-seconds: every 10 seconds", "action_flag": 3, "change_message": ""}}, {"model": "admin.logentry", "pk": 263, "fields": {"action_time": "2021-12-29T10:40:06.911Z", "user": 1, "content_type": 26, "object_id": "115", "object_repr": "celery.backend_cleanup: 0 4 * * * (m/h/dM/MY/d) UTC", "action_flag": 3, "change_message": ""}}, {"model": "admin.logentry", "pk": 264, "fields": {"action_time": "2021-12-29T10:40:48.734Z", "user": 1, "content_type": 26, "object_id": "120", "object_repr": "myshop.celery.test('Happy Mondays!'): every 5 seconds", "action_flag": 3, "change_message": ""}}, {"model": "admin.logentry", "pk": 265, "fields": {"action_time": "2021-12-29T10:40:48.738Z", "user": 1, "content_type": 26, "object_id": "119", "object_repr": "run-me-every-ten-seconds: every 10 seconds", "action_flag": 3, "change_message": ""}}, {"model": "admin.logentry", "pk": 266, "fields": {"action_time": "2021-12-29T10:40:48.741Z", "user": 1, "content_type": 26, "object_id": "118", "object_repr": "celery.backend_cleanup: 0 4 * * * (m/h/dM/MY/d) UTC", "action_flag": 3, "change_message": ""}}, {"model": "admin.logentry", "pk": 267, "fields": {"action_time": "2021-12-29T10:41:53.162Z", "user": 1, "content_type": 26, "object_id": "123", "object_repr": "myshop.celery.test('Happy Mondays!'): every 5 seconds", "action_flag": 3, "change_message": ""}}, {"model": "admin.logentry", "pk": 268, "fields": {"action_time": "2021-12-29T10:41:53.173Z", "user": 1, "content_type": 26, "object_id": "122", "object_repr": "run-me-every-ten-seconds: every 10 seconds", "action_flag": 3, "change_message": ""}}, {"model": "admin.logentry", "pk": 269, "fields": {"action_time": "2021-12-29T10:41:53.179Z", "user": 1, "content_type": 26, "object_id": "121", "object_repr": "celery.backend_cleanup: 0 4 * * * (m/h/dM/MY/d) UTC", "action_flag": 3, "change_message": ""}}, {"model": "admin.logentry", "pk": 270, "fields": {"action_time": "2021-12-29T10:43:51.965Z", "user": 1, "content_type": 26, "object_id": "126", "object_repr": "myshop.celery.test('Happy Mondays!'): every 5 seconds", "action_flag": 3, "change_message": ""}}, {"model": "admin.logentry", "pk": 271, "fields": {"action_time": "2021-12-29T10:43:51.971Z", "user": 1, "content_type": 26, "object_id": "125", "object_repr": "run-me-every-ten-seconds: every 10 seconds", "action_flag": 3, "change_message": ""}}, {"model": "admin.logentry", "pk": 272, "fields": {"action_time": "2021-12-29T10:43:51.979Z", "user": 1, "content_type": 26, "object_id": "124", "object_repr": "celery.backend_cleanup: 0 4 * * * (m/h/dM/MY/d) UTC", "action_flag": 3, "change_message": ""}}, {"model": "admin.logentry", "pk": 273, "fields": {"action_time": "2021-12-29T11:01:54.811Z", "user": 1, "content_type": 24, "object_id": "34", "object_repr": "0 4 * * * (m/h/dM/MY/d) UTC", "action_flag": 3, "change_message": ""}}, {"model": "admin.logentry", "pk": 274, "fields": {"action_time": "2021-12-29T11:02:01.902Z", "user": 1, "content_type": 26, "object_id": "129", "object_repr": "myshop.celery.test('Happy Mondays!'): every 5 seconds", "action_flag": 3, "change_message": ""}}, {"model": "admin.logentry", "pk": 275, "fields": {"action_time": "2021-12-29T11:02:01.907Z", "user": 1, "content_type": 26, "object_id": "128", "object_repr": "run-me-every-ten-seconds: every 10 seconds", "action_flag": 3, "change_message": ""}}, {"model": "auth.permission", "pk": 1, "fields": {"name": "Can add log entry", "content_type": 1, "codename": "add_logentry"}}, {"model": "auth.permission", "pk": 2, "fields": {"name": "Can change log entry", "content_type": 1, "codename": "change_logentry"}}, {"model": "auth.permission", "pk": 3, "fields": {"name": "Can delete log entry", "content_type": 1, "codename": "delete_logentry"}}, {"model": "auth.permission", "pk": 4, "fields": {"name": "Can view log entry", "content_type": 1, "codename": "view_logentry"}}, {"model": "auth.permission", "pk": 5, "fields": {"name": "Can add permission", "content_type": 2, "codename": "add_permission"}}, {"model": "auth.permission", "pk": 6, "fields": {"name": "Can change permission", "content_type": 2, "codename": "change_permission"}}, {"model": "auth.permission", "pk": 7, "fields": {"name": "Can delete permission", "content_type": 2, "codename": "delete_permission"}}, {"model": "auth.permission", "pk": 8, "fields": {"name": "Can view permission", "content_type": 2, "codename": "view_permission"}}, {"model": "auth.permission", "pk": 9, "fields": {"name": "Can add group", "content_type": 3, "codename": "add_group"}}, {"model": "auth.permission", "pk": 10, "fields": {"name": "Can change group", "content_type": 3, "codename": "change_group"}}, {"model": "auth.permission", "pk": 11, "fields": {"name": "Can delete group", "content_type": 3, "codename": "delete_group"}}, {"model": "auth.permission", "pk": 12, "fields": {"name": "Can view group", "content_type": 3, "codename": "view_group"}}, {"model": "auth.permission", "pk": 13, "fields": {"name": "Can add user", "content_type": 4, "codename": "add_user"}}, {"model": "auth.permission", "pk": 14, "fields": {"name": "Can change user", "content_type": 4, "codename": "change_user"}}, {"model": "auth.permission", "pk": 15, "fields": {"name": "Can delete user", "content_type": 4, "codename": "delete_user"}}, {"model": "auth.permission", "pk": 16, "fields": {"name": "Can view user", "content_type": 4, "codename": "view_user"}}, {"model": "auth.permission", "pk": 17, "fields": {"name": "Can add content type", "content_type": 5, "codename": "add_contenttype"}}, {"model": "auth.permission", "pk": 18, "fields": {"name": "Can change content type", "content_type": 5, "codename": "change_contenttype"}}, {"model": "auth.permission", "pk": 19, "fields": {"name": "Can delete content type", "content_type": 5, "codename": "delete_contenttype"}}, {"model": "auth.permission", "pk": 20, "fields": {"name": "Can view content type", "content_type": 5, "codename": "view_contenttype"}}, {"model": "auth.permission", "pk": 21, "fields": {"name": "Can add session", "content_type": 6, "codename": "add_session"}}, {"model": "auth.permission", "pk": 22, "fields": {"name": "Can change session", "content_type": 6, "codename": "change_session"}}, {"model": "auth.permission", "pk": 23, "fields": {"name": "Can delete session", "content_type": 6, "codename": "delete_session"}}, {"model": "auth.permission", "pk": 24, "fields": {"name": "Can view session", "content_type": 6, "codename": "view_session"}}, {"model": "auth.permission", "pk": 25, "fields": {"name": "Can add Категория", "content_type": 7, "codename": "add_category"}}, {"model": "auth.permission", "pk": 26, "fields": {"name": "Can change Категория", "content_type": 7, "codename": "change_category"}}, {"model": "auth.permission", "pk": 27, "fields": {"name": "Can delete Категория", "content_type": 7, "codename": "delete_category"}}, {"model": "auth.permission", "pk": 28, "fields": {"name": "Can view Категория", "content_type": 7, "codename": "view_category"}}, {"model": "auth.permission", "pk": 29, "fields": {"name": "Can add Товар", "content_type": 8, "codename": "add_product"}}, {"model": "auth.permission", "pk": 30, "fields": {"name": "Can change Товар", "content_type": 8, "codename": "change_product"}}, {"model": "auth.permission", "pk": 31, "fields": {"name": "Can delete Товар", "content_type": 8, "codename": "delete_product"}}, {"model": "auth.permission", "pk": 32, "fields": {"name": "Can view Товар", "content_type": 8, "codename": "view_product"}}, {"model": "auth.permission", "pk": 33, "fields": {"name": "Can add Покупатель", "content_type": 9, "codename": "add_order"}}, {"model": "auth.permission", "pk": 34, "fields": {"name": "Can change Покупатель", "content_type": 9, "codename": "change_order"}}, {"model": "auth.permission", "pk": 35, "fields": {"name": "Can delete Покупатель", "content_type": 9, "codename": "delete_order"}}, {"model": "auth.permission", "pk": 36, "fields": {"name": "Can view Покупатель", "content_type": 9, "codename": "view_order"}}, {"model": "auth.permission", "pk": 37, "fields": {"name": "Can add Заказанный товар", "content_type": 10, "codename": "add_orderitem"}}, {"model": "auth.permission", "pk": 38, "fields": {"name": "Can change Заказанный товар", "content_type": 10, "codename": "change_orderitem"}}, {"model": "auth.permission", "pk": 39, "fields": {"name": "Can delete Заказанный товар", "content_type": 10, "codename": "delete_orderitem"}}, {"model": "auth.permission", "pk": 40, "fields": {"name": "Can view Заказанный товар", "content_type": 10, "codename": "view_orderitem"}}, {"model": "auth.permission", "pk": 41, "fields": {"name": "Can add Промокод", "content_type": 11, "codename": "add_coupon"}}, {"model": "auth.permission", "pk": 42, "fields": {"name": "Can change Промокод", "content_type": 11, "codename": "change_coupon"}}, {"model": "auth.permission", "pk": 43, "fields": {"name": "Can delete Промокод", "content_type": 11, "codename": "delete_coupon"}}, {"model": "auth.permission", "pk": 44, "fields": {"name": "Can view Промокод", "content_type": 11, "codename": "view_coupon"}}, {"model": "auth.permission", "pk": 45, "fields": {"name": "Can add association", "content_type": 12, "codename": "add_association"}}, {"model": "auth.permission", "pk": 46, "fields": {"name": "Can change association", "content_type": 12, "codename": "change_association"}}, {"model": "auth.permission", "pk": 47, "fields": {"name": "Can delete association", "content_type": 12, "codename": "delete_association"}}, {"model": "auth.permission", "pk": 48, "fields": {"name": "Can view association", "content_type": 12, "codename": "view_association"}}, {"model": "auth.permission", "pk": 49, "fields": {"name": "Can add code", "content_type": 13, "codename": "add_code"}}, {"model": "auth.permission", "pk": 50, "fields": {"name": "Can change code", "content_type": 13, "codename": "change_code"}}, {"model": "auth.permission", "pk": 51, "fields": {"name": "Can delete code", "content_type": 13, "codename": "delete_code"}}, {"model": "auth.permission", "pk": 52, "fields": {"name": "Can view code", "content_type": 13, "codename": "view_code"}}, {"model": "auth.permission", "pk": 53, "fields": {"name": "Can add nonce", "content_type": 14, "codename": "add_nonce"}}, {"model": "auth.permission", "pk": 54, "fields": {"name": "Can change nonce", "content_type": 14, "codename": "change_nonce"}}, {"model": "auth.permission", "pk": 55, "fields": {"name": "Can delete nonce", "content_type": 14, "codename": "delete_nonce"}}, {"model": "auth.permission", "pk": 56, "fields": {"name": "Can view nonce", "content_type": 14, "codename": "view_nonce"}}, {"model": "auth.permission", "pk": 57, "fields": {"name": "Can add user social auth", "content_type": 15, "codename": "add_usersocialauth"}}, {"model": "auth.permission", "pk": 58, "fields": {"name": "Can change user social auth", "content_type": 15, "codename": "change_usersocialauth"}}, {"model": "auth.permission", "pk": 59, "fields": {"name": "Can delete user social auth", "content_type": 15, "codename": "delete_usersocialauth"}}, {"model": "auth.permission", "pk": 60, "fields": {"name": "Can view user social auth", "content_type": 15, "codename": "view_usersocialauth"}}, {"model": "auth.permission", "pk": 61, "fields": {"name": "Can add partial", "content_type": 16, "codename": "add_partial"}}, {"model": "auth.permission", "pk": 62, "fields": {"name": "Can change partial", "content_type": 16, "codename": "change_partial"}}, {"model": "auth.permission", "pk": 63, "fields": {"name": "Can delete partial", "content_type": 16, "codename": "delete_partial"}}, {"model": "auth.permission", "pk": 64, "fields": {"name": "Can view partial", "content_type": 16, "codename": "view_partial"}}, {"model": "auth.permission", "pk": 65, "fields": {"name": "Can add site", "content_type": 17, "codename": "add_site"}}, {"model": "auth.permission", "pk": 66, "fields": {"name": "Can change site", "content_type": 17, "codename": "change_site"}}, {"model": "auth.permission", "pk": 67, "fields": {"name": "Can delete site", "content_type": 17, "codename": "delete_site"}}, {"model": "auth.permission", "pk": 68, "fields": {"name": "Can view site", "content_type": 17, "codename": "view_site"}}, {"model": "auth.permission", "pk": 69, "fields": {"name": "Can add email address", "content_type": 18, "codename": "add_emailaddress"}}, {"model": "auth.permission", "pk": 70, "fields": {"name": "Can change email address", "content_type": 18, "codename": "change_emailaddress"}}, {"model": "auth.permission", "pk": 71, "fields": {"name": "Can delete email address", "content_type": 18, "codename": "delete_emailaddress"}}, {"model": "auth.permission", "pk": 72, "fields": {"name": "Can view email address", "content_type": 18, "codename": "view_emailaddress"}}, {"model": "auth.permission", "pk": 73, "fields": {"name": "Can add email confirmation", "content_type": 19, "codename": "add_emailconfirmation"}}, {"model": "auth.permission", "pk": 74, "fields": {"name": "Can change email confirmation", "content_type": 19, "codename": "change_emailconfirmation"}}, {"model": "auth.permission", "pk": 75, "fields": {"name": "Can delete email confirmation", "content_type": 19, "codename": "delete_emailconfirmation"}}, {"model": "auth.permission", "pk": 76, "fields": {"name": "Can view email confirmation", "content_type": 19, "codename": "view_emailconfirmation"}}, {"model": "auth.permission", "pk": 77, "fields": {"name": "Can add Подписчик", "content_type": 20, "codename": "add_subscriber"}}, {"model": "auth.permission", "pk": 78, "fields": {"name": "Can change Подписчик", "content_type": 20, "codename": "change_subscriber"}}, {"model": "auth.permission", "pk": 79, "fields": {"name": "Can delete Подписчик", "content_type": 20, "codename": "delete_subscriber"}}, {"model": "auth.permission", "pk": 80, "fields": {"name": "Can view Подписчик", "content_type": 20, "codename": "view_subscriber"}}, {"model": "auth.permission", "pk": 81, "fields": {"name": "Can add social account", "content_type": 21, "codename": "add_socialaccount"}}, {"model": "auth.permission", "pk": 82, "fields": {"name": "Can change social account", "content_type": 21, "codename": "change_socialaccount"}}, {"model": "auth.permission", "pk": 83, "fields": {"name": "Can delete social account", "content_type": 21, "codename": "delete_socialaccount"}}, {"model": "auth.permission", "pk": 84, "fields": {"name": "Can view social account", "content_type": 21, "codename": "view_socialaccount"}}, {"model": "auth.permission", "pk": 85, "fields": {"name": "Can add social application", "content_type": 22, "codename": "add_socialapp"}}, {"model": "auth.permission", "pk": 86, "fields": {"name": "Can change social application", "content_type": 22, "codename": "change_socialapp"}}, {"model": "auth.permission", "pk": 87, "fields": {"name": "Can delete social application", "content_type": 22, "codename": "delete_socialapp"}}, {"model": "auth.permission", "pk": 88, "fields": {"name": "Can view social application", "content_type": 22, "codename": "view_socialapp"}}, {"model": "auth.permission", "pk": 89, "fields": {"name": "Can add social application token", "content_type": 23, "codename": "add_socialtoken"}}, {"model": "auth.permission", "pk": 90, "fields": {"name": "Can change social application token", "content_type": 23, "codename": "change_socialtoken"}}, {"model": "auth.permission", "pk": 91, "fields": {"name": "Can delete social application token", "content_type": 23, "codename": "delete_socialtoken"}}, {"model": "auth.permission", "pk": 92, "fields": {"name": "Can view social application token", "content_type": 23, "codename": "view_socialtoken"}}, {"model": "auth.permission", "pk": 93, "fields": {"name": "Can add crontab", "content_type": 24, "codename": "add_crontabschedule"}}, {"model": "auth.permission", "pk": 94, "fields": {"name": "Can change crontab", "content_type": 24, "codename": "change_crontabschedule"}}, {"model": "auth.permission", "pk": 95, "fields": {"name": "Can delete crontab", "content_type": 24, "codename": "delete_crontabschedule"}}, {"model": "auth.permission", "pk": 96, "fields": {"name": "Can view crontab", "content_type": 24, "codename": "view_crontabschedule"}}, {"model": "auth.permission", "pk": 97, "fields": {"name": "Can add interval", "content_type": 25, "codename": "add_intervalschedule"}}, {"model": "auth.permission", "pk": 98, "fields": {"name": "Can change interval", "content_type": 25, "codename": "change_intervalschedule"}}, {"model": "auth.permission", "pk": 99, "fields": {"name": "Can delete interval", "content_type": 25, "codename": "delete_intervalschedule"}}, {"model": "auth.permission", "pk": 100, "fields": {"name": "Can view interval", "content_type": 25, "codename": "view_intervalschedule"}}, {"model": "auth.permission", "pk": 101, "fields": {"name": "Can add periodic task", "content_type": 26, "codename": "add_periodictask"}}, {"model": "auth.permission", "pk": 102, "fields": {"name": "Can change periodic task", "content_type": 26, "codename": "change_periodictask"}}, {"model": "auth.permission", "pk": 103, "fields": {"name": "Can delete periodic task", "content_type": 26, "codename": "delete_periodictask"}}, {"model": "auth.permission", "pk": 104, "fields": {"name": "Can view periodic task", "content_type": 26, "codename": "view_periodictask"}}, {"model": "auth.permission", "pk": 105, "fields": {"name": "Can add periodic tasks", "content_type": 27, "codename": "add_periodictasks"}}, {"model": "auth.permission", "pk": 106, "fields": {"name": "Can change periodic tasks", "content_type": 27, "codename": "change_periodictasks"}}, {"model": "auth.permission", "pk": 107, "fields": {"name": "Can delete periodic tasks", "content_type": 27, "codename": "delete_periodictasks"}}, {"model": "auth.permission", "pk": 108, "fields": {"name": "Can view periodic tasks", "content_type": 27, "codename": "view_periodictasks"}}, {"model": "auth.permission", "pk": 109, "fields": {"name": "Can add solar event", "content_type": 28, "codename": "add_solarschedule"}}, {"model": "auth.permission", "pk": 110, "fields": {"name": "Can change solar event", "content_type": 28, "codename": "change_solarschedule"}}, {"model": "auth.permission", "pk": 111, "fields": {"name": "Can delete solar event", "content_type": 28, "codename": "delete_solarschedule"}}, {"model": "auth.permission", "pk": 112, "fields": {"name": "Can view solar event", "content_type": 28, "codename": "view_solarschedule"}}, {"model": "auth.permission", "pk": 113, "fields": {"name": "Can add clocked", "content_type": 29, "codename": "add_clockedschedule"}}, {"model": "auth.permission", "pk": 114, "fields": {"name": "Can change clocked", "content_type": 29, "codename": "change_clockedschedule"}}, {"model": "auth.permission", "pk": 115, "fields": {"name": "Can delete clocked", "content_type": 29, "codename": "delete_clockedschedule"}}, {"model": "auth.permission", "pk": 116, "fields": {"name": "Can view clocked", "content_type": 29, "codename": "view_clockedschedule"}}, {"model": "auth.user", "pk": 1, "fields": {"password": "pbkdf2_sha256$260000$1LnmrjMzBWQwQOkoxjJNpL$sDrBC4HfiYKzB/hv7ml+ER6bVocuD0BGWbs1fjemclw=", "last_login": "2022-01-28T13:34:23.684Z", "is_superuser": true, "username": "myshop", "first_name": "", "last_name": "", "email": "nikzubkov93@mail.ru", "is_staff": true, "is_active": true, "date_joined": "2021-10-25T14:28:13Z", "groups": [], "user_permissions": []}}, {"model": "auth.user", "pk": 2, "fields": {"password": "pbkdf2_sha256$260000$pX452aYvV431ZbLoutid7h$p75XASKYzURqvK0u9HDIJctDe7Qf+tQLak0qNJxrGPo=", "last_login": null, "is_superuser": false, "username": "alisapuka", "first_name": "", "last_name": "", "email": "", "is_staff": false, "is_active": true, "date_joined": "2021-12-13T14:45:52.038Z", "groups": [], "user_permissions": []}}, {"model": "auth.user", "pk": 3, "fields": {"password": "pbkdf2_sha256$260000$cpDyyOInu69XKa2OFekujS$zUCkAmkNsvgTDVeJ2mcF+mHnR38zqfkTS75EI2BYteg=", "last_login": "2021-12-13T14:46:51.684Z", "is_superuser": false, "username": "nagiev", "first_name": "", "last_name": "", "email": "", "is_staff": false, "is_active": true, "date_joined": "2021-12-13T14:46:51.465Z", "groups": [], "user_permissions": []}}, {"model": "auth.user", "pk": 4, "fields": {"password": "pbkdf2_sha256$260000$VJTNJIww7g0HFGlzMDh9G6$fmYBpk7zoOT89EG++j3eLpyEmlCgr7DegoGzN1qlhh4=", "last_login": "2021-12-13T15:28:03.226Z", "is_superuser": false, "username": "zubiho", "first_name": "", "last_name": "", "email": "", "is_staff": false, "is_active": true, "date_joined": "2021-12-13T15:28:03.008Z", "groups": [], "user_permissions": []}}, {"model": "auth.user", "pk": 5, "fields": {"password": "pbkdf2_sha256$260000$pZ2EfBNsEHUefp3qU79Qor$Hb7R0cytSUJvjGf55KrGgf6JJ1fuS9RmtUcbhlJvPbA=", "last_login": "2021-12-13T15:29:54.857Z", "is_superuser": false, "username": "spartak", "first_name": "", "last_name": "", "email": "", "is_staff": false, "is_active": true, "date_joined": "2021-12-13T15:29:54.630Z", "groups": [], "user_permissions": []}}, {"model": "auth.user", "pk": 6, "fields": {"password": "!tV328ovOftMeIfoLIp3cs85GzDocvqTIZpuR1T8g", "last_login": "2021-12-16T12:38:22.979Z", "is_superuser": false, "username": "zusmanone1", "first_name": "Никита", "last_name": "Зубков", "email": "zusmanone1@gmail.com", "is_staff": false, "is_active": true, "date_joined": "2021-12-15T15:31:19.195Z", "groups": [], "user_permissions": []}}, {"model": "auth.user", "pk": 14, "fields": {"password": "pbkdf2_sha256$260000$1ZxwsunrNIDuZ0sB1oaQos$zlPjTBIWd/iprZZ5At1aCx2jb3n72cLnVZ7mZ2Zxu0Y=", "last_login": null, "is_superuser": false, "username": "testuser", "first_name": "", "last_name": "", "email": "", "is_staff": false, "is_active": true, "date_joined": "2021-12-18T08:22:52.934Z", "groups": [], "user_permissions": []}}, {"model": "auth.user", "pk": 15, "fields": {"password": "pbkdf2_sha256$260000$5qBrYaS1W0zb2qtmIA75iu$KFqjjmVwyrDdqinNItxZBF7JQ7xgg3sBLGqrC026r0E=", "last_login": "2021-12-18T13:14:07.210Z", "is_superuser": false, "username": "bigmama", "first_name": "", "last_name": "", "email": "bigmama93@mail.ru", "is_staff": false, "is_active": true, "date_joined": "2021-12-18T13:14:05.875Z", "groups": [], "user_permissions": []}}, {"model": "contenttypes.contenttype", "pk": 1, "fields": {"app_label": "admin", "model": "logentry"}}, {"model": "contenttypes.contenttype", "pk": 2, "fields": {"app_label": "auth", "model": "permission"}}, {"model": "contenttypes.contenttype", "pk": 3, "fields": {"app_label": "auth", "model": "group"}}, {"model": "contenttypes.contenttype", "pk": 4, "fields": {"app_label": "auth", "model": "user"}}, {"model": "contenttypes.contenttype", "pk": 5, "fields": {"app_label": "contenttypes", "model": "contenttype"}}, {"model": "contenttypes.contenttype", "pk": 6, "fields": {"app_label": "sessions", "model": "session"}}, {"model": "contenttypes.contenttype", "pk": 7, "fields": {"app_label": "shop", "model": "category"}}, {"model": "contenttypes.contenttype", "pk": 8, "fields": {"app_label": "shop", "model": "product"}}, {"model": "contenttypes.contenttype", "pk": 9, "fields": {"app_label": "orders", "model": "order"}}, {"model": "contenttypes.contenttype", "pk": 10, "fields": {"app_label": "orders", "model": "orderitem"}}, {"model": "contenttypes.contenttype", "pk": 11, "fields": {"app_label": "coupons", "model": "coupon"}}, {"model": "contenttypes.contenttype", "pk": 12, "fields": {"app_label": "social_django", "model": "association"}}, {"model": "contenttypes.contenttype", "pk": 13, "fields": {"app_label": "social_django", "model": "code"}}, {"model": "contenttypes.contenttype", "pk": 14, "fields": {"app_label": "social_django", "model": "nonce"}}, {"model": "contenttypes.contenttype", "pk": 15, "fields": {"app_label": "social_django", "model": "usersocialauth"}}, {"model": "contenttypes.contenttype", "pk": 16, "fields": {"app_label": "social_django", "model": "partial"}}, {"model": "contenttypes.contenttype", "pk": 17, "fields": {"app_label": "sites", "model": "site"}}, {"model": "contenttypes.contenttype", "pk": 18, "fields": {"app_label": "account", "model": "emailaddress"}}, {"model": "contenttypes.contenttype", "pk": 19, "fields": {"app_label": "account", "model": "emailconfirmation"}}, {"model": "contenttypes.contenttype", "pk": 20, "fields": {"app_label": "shop", "model": "subscriber"}}, {"model": "contenttypes.contenttype", "pk": 21, "fields": {"app_label": "socialaccount", "model": "socialaccount"}}, {"model": "contenttypes.contenttype", "pk": 22, "fields": {"app_label": "socialaccount", "model": "socialapp"}}, {"model": "contenttypes.contenttype", "pk": 23, "fields": {"app_label": "socialaccount", "model": "socialtoken"}}, {"model": "contenttypes.contenttype", "pk": 24, "fields": {"app_label": "django_celery_beat", "model": "crontabschedule"}}, {"model": "contenttypes.contenttype", "pk": 25, "fields": {"app_label": "django_celery_beat", "model": "intervalschedule"}}, {"model": "contenttypes.contenttype", "pk": 26, "fields": {"app_label": "django_celery_beat", "model": "periodictask"}}, {"model": "contenttypes.contenttype", "pk": 27, "fields": {"app_label": "django_celery_beat", "model": "periodictasks"}}, {"model": "contenttypes.contenttype", "pk": 28, "fields": {"app_label": "django_celery_beat", "model": "solarschedule"}}, {"model": "contenttypes.contenttype", "pk": 29, "fields": {"app_label": "django_celery_beat", "model": "clockedschedule"}}, {"model": "sessions.session", "pk": "2zz43wzmfnk3z4jlpytpdjmbgk4u1abn", "fields": {"session_data": ".eJxVj80OgjAQhN-lZ0JKuwJy9O4zNNvuIvWnNS0YDeHdFcOF63yTLzOzcJhG0c1LIQxO42CmzMl4Ep2oxC6z6G4cVkBXDJdYuhjG5G25VsqN5vIcie-nrbsTDJiHVatkfwRFtpHtAbjqCbRGaC3AEbjtJSvNVANBg065SjcS0UlFTkNN8F-VOWcfg-H306eP6GQhwvQwL5_974xavrgPRss:1nDQUV:WoBEOU-5MspVFbw3Qgyf21_LobyNYS7HWhfkYkCBZt0", "expire_date": "2022-02-11T12:36:35.019Z"}}, {"model": "sessions.session", "pk": "452bz382q54f6b5iaw4rgmhexzsgyy51", "fields": {"session_data": ".eJxVjLsOgzAMAP_FcxXl4fIau_MNyLFNQ1sFicCE-PcKiYX17nQ7MC0rdPvxgIG2NQ1b0WWYBDpwcGOR-Kv5FPKh_J4Nz3ldpmjOxFy2mH4W_b2u9jZIVNK59XZs0UusbfNEdaNgCIRNRGxRm9GqDyoVCtbEnl2oLRFbLxywEnRw_AEWFjrU:1myDrj:FSt89ldcRlCqzKY_O80jnVqMJF5RFV0011R4Iq2WPvA", "expire_date": "2021-12-31T14:05:43.536Z"}}, {"model": "sessions.session", "pk": "6b6a8m10qg53t35qpkmc4o7r06jugw4i", "fields": {"session_data": ".eJxVjzuOwzAQQ-8ytSHoMxs7LrfPGYSxZrzWfuREkhcJAt89dpAmDQs-giDvEChX6O_g9K6XhVKN9Qa9aeCcYxDooUOlNaxrA56WOvmlSPaRN2LgzRso_EjaAX9T-ppVmFPNcVB7RL1oUaeZ5ffzlX0rmKhMe63V4xEtD63uPlDMyOgcYTcgHlG6UYt1wgdkbCnYYFyriYK2HBweGJ-ripQS5-Tleo55-6MbSMuf_48lbn_N-gDsx1DM:1nDREz:4vI1MZClKr5GcCCqf_a_MvGl9CYQ4MfwApXsQxpwrgs", "expire_date": "2022-02-11T13:24:37.110Z"}}, {"model": "sessions.session", "pk": "7g02cpsue5lureoxv0nzsv5jcm2y1y4y", "fields": {"session_data": ".eJxVj8FugzAQRP9lz8ha21sgHHvvN1iLvQSnrUltU7WK-PdAlEsuc5g3Gs3cwHOuMNygxUN_Vk411n8YdAPXHL3AAMYYhQjb1oDjtc5uLZJdDDvS8OKN7D8lHSBcOJ0X5ZdUcxzVEVFPWtTHEuTr_Zl9KZi5zEetwelEJowd9m8kegpkLVM_Ep1I-gnFWAktBerYG69th8weTfCW2kCPVUVKiUty8neNeT-EDaT12_3GEvfDersDHldQ-Q:1nDROY:4tCnJJNPahqWxCVuDr2D1UyBpMI_hCquNH3gahTobbk", "expire_date": "2022-02-11T13:34:30.915Z"}}, {"model": "sessions.session", "pk": "9kbto88fecjf0x8susyikvnj4s75xc1s", "fields": {"session_data": ".eJxVjssKwyAQRf_FdRGj07yW3fcbZHQmjW3RoAm0hPx7Sckm23sOh7sKj3kW_bpdhMVlHu1SONtAoheVOG0O_YvjDuiJ8ZGkT3HOwcldkQct8p6I37fDPQVGLOOe1WroQJNrVHsFrgYCYxBaB9ABt4NibZhqIGjQa1-ZRiF6pckbqAn-rwqXElK0_JlC_opebT_47UIR:1n83Tr:xaw_Ur4e5IK6FBLwNbdVlZ4QaVfyKaNfvlwtmyffn-M", "expire_date": "2022-01-27T17:01:43.287Z"}}, {"model": "sessions.session", "pk": "jx5xv57lt0vstxyvzkkdqqp92nmwcd6v", "fields": {"session_data": "eyJjb3Vwb25faWQiOjUsIm9yZGVyX2lkIjo5MywiY2FydCI6eyIxOCI6eyJxdWFudGl0eSI6MSwicHJpY2UiOiIzNTA4OC4wMCJ9fX0:1mpwrn:07Wtg9zEYoUt4wgA9KCwfxE_gRJtf4t3wHLOM_c_7TE", "expire_date": "2021-12-08T18:19:35.571Z"}}, {"model": "sessions.session", "pk": "kyda6mz3w4q3ar84muv3d08qh8asdh4x", "fields": {"session_data": "eyJjYXJ0Ijp7fX0:1mxU4k:16IyXOmWfQ7NxYSWza4aC2EZK83-KidwFy8p52jBO-U", "expire_date": "2021-12-29T13:12:06.666Z"}}, {"model": "sessions.session", "pk": "mjpvsmy8m7ri0snbn1acvfalxf22kyap", "fields": {"session_data": ".eJxVjssOgyAURP-FtSEIV0WW3fcbyIWLlT4wEezG-O8NiQu7nJmTk9mZxa3MdsthtZGYYS1rrp1D_wqpDvTE9Fi4X1JZo-MV4eea-X2h8L6d7J9gxjxXrRTTCJLcIHQHoZ0IlELQDmCEoCcRpArUA8GAXvpWDQLRC0leQU9QX3lcCzP70bC0few35lgyM6q7ZGakPn7NdkUp:1nD6eq:88CR8R8OcGyzcXrRZ8xKnyK8RGslkkM8knxmarItEUQ", "expire_date": "2022-02-10T15:25:56.414Z"}}, {"model": "sessions.session", "pk": "o0aaa2ws8wgl16qdyneluwvzqme3k5o4", "fields": {"session_data": ".eJxVjLsOgzAMAP_FcxXl4fIau_MNyLFNQ1sFicCE-PcKiYX17nQ7MC0rdPvxgIG2NQ1b0WWYBDpwcGOR-Kv5FPKh_J4Nz3ldpmjOxFy2mH4W_b2u9jZIVNK59XZs0UusbfNEdaNgCIRNRGxRm9GqDyoVCtbEnl2oLRFbLxywEnRw_AEWFjrU:1myDUA:JfDDr6eAmTuz3jvCK4-2zr9j4HTT1FLQM-_eadpmol8", "expire_date": "2021-12-31T13:41:22.587Z"}}, {"model": "sessions.session", "pk": "o2puscfwdae9155hd688q1004ilpi17b", "fields": {"session_data": ".eJxVjkEKgzAQRe-SdQkxmZrosnvPIJOZsbEtComuxLuXgIt2-9_j8Q814r6lcS-Sx5lVrxp1-90i0luWCviFy3PVtC5bnqOuir5o0cPK8nlc7l8gYUk1a83UgeXoTbiDNBODcwghAnQgYTJinXALDB7JUuO8QSRjmRy0DPUVYd5Uf5znFwjsOtQ:1my9kv:KE8P8lFxzmhWvXFV1oG0OWzPmlETT7u_tRqbAPE9wxY", "expire_date": "2021-12-31T09:42:25.496Z"}}, {"model": "sessions.session", "pk": "q0hvvfew1jmnoiiy0myrlml3zv3vpr9i", "fields": {"session_data": ".eJxVjLsOgzAMAP_FcxXl4fIau_MNyLFNQ1sFicCE-PcKiYX17nQ7MC0rdPvxgIG2NQ1b0WWYBDpwcGOR-Kv5FPKh_J4Nz3ldpmjOxFy2mH4W_b2u9jZIVNK59XZs0UusbfNEdaNgCIRNRGxRm9GqDyoVCtbEnl2oLRFbLxywEnRw_AEWFjrU:1myBbh:Gjtt4Kg0_1o-YjY-fQjmvc5hM2P8ACmBWX5hGn3pN0g", "expire_date": "2021-12-31T11:41:01.979Z"}}, {"model": "sessions.session", "pk": "qc4k9r5fkqhcwmjldiyvf3f47sx2vnfy", "fields": {"session_data": "eyJjYXJ0Ijp7IjciOnsicXVhbnRpdHkiOjEsInByaWNlIjoiMTg5OTkuMDAifX19:1mj5OX:UIbNRX1RwF3ShqmgTn1bLvc7U7pcKvWzVGWbKm4Hd2I", "expire_date": "2021-11-19T20:01:01.251Z"}}, {"model": "shop.category", "pk": 1, "fields": {"name": "Доски", "slug": "doski"}}, {"model": "shop.category", "pk": 2, "fields": {"name": "Крепления", "slug": "krepleniya"}}, {"model": "shop.category", "pk": 3, "fields": {"name": "Ботинки", "slug": "botinki"}}, {"model": "shop.category", "pk": 4, "fields": {"name": "Штаны", "slug": "shtany"}}, {"model": "shop.category", "pk": 5, "fields": {"name": "Куртка", "slug": "kurtka"}}, {"model": "shop.category", "pk": 6, "fields": {"name": "Перчатки", "slug": "perchatki"}}, {"model": "shop.category", "pk": 7, "fields": {"name": "Аксессуары", "slug": "aksessuary"}}, {"model": "shop.product", "pk": 1, "fields": {"category": 3, "name": "Ботинки для сноуборда Nitro SENTINEL TLS", "image": "photo/2021/10/31/848611_001_sentinel_tls_black_product_1_2519240.jpg", "price": "16320.00", "available": true, "description": "Сноубордические ботинки Nitro Sentinel обладают средним индексом жесткости. Эта модель подойдет начинающим райдерам или тем, кто предпочитает более мягкий комфортный ботинок. Доступная и стильная модель не лишена всех самых важных составляющих комфорта от Nitro. В первую очередь это внутренний сапожок Cloud 2. Удобство использования внутреннего сапожка достигается благодаря анатомической стельке, плотной формованной пятке, а также системе Re/Lace, за счет которой внутренник легко подтянуть не расшнуровывая внешний сапожок, просто потянув за шнуровку. На пяточной части внешнего и внутреннего сапожка имеется специальная гребёнка, благодаря которой пятка внутреннего сапожка плотно сидит на своем месте во время катания. Внешний ботинок имеет зональную шнуровку TLS, которая обеспечивает непревзойденную поддержку ноге, и Вы всегда сможете подрегулировать затяжку ботинка отдельно в верхней и в нижней зоне благодаря легкой доступности. У ботинок нескользящая подошва Rubber. Отдельное внимание уделено простоте снятия ботинка. С технологией Bail Out ослабить шнуровку и снять ботинок можно за считанные секунды.", "created": "2021-10-31T17:06:13.341Z", "updated": "2021-10-31T17:06:13.341Z"}}, {"model": "shop.product", "pk": 2, "fields": {"category": 3, "name": "Ботинки для сноуборда USD Pro GUN", "image": "photo/2021/10/31/gun_outer_2510824.jpg", "price": "6004.00", "available": true, "description": "Сноубордические ботинки с удобной системой шнуровки и хорошим удержанием стопы позволят без потерь передать энергию на край доски, а излишки нагрузок при прыжках снимет двойной материал подошвы.", "created": "2021-10-31T17:07:22.101Z", "updated": "2021-10-31T17:07:22.101Z"}}, {"model": "shop.product", "pk": 3, "fields": {"category": 3, "name": "Ботинки для сноуборда K2 ENDER", "image": "photo/2021/10/31/11e2005_1_1_k2_boot_ender_brown_07_1535815.jpg", "price": "15928.00", "available": true, "description": "Ищите что-то особенное? Представляем вам Ender, новая фристайл-олмаунтин модель от К2 с классической шнуровкой. Он создан для райдеров которые ищут надежные и стойкие ботинки, которые не подведут в самых суровых условиях, но при этом будут комфортно сидеть на ноге и обеспечат максимальную амортизацию.", "created": "2021-10-31T17:08:12.545Z", "updated": "2021-10-31T17:08:12.546Z"}}, {"model": "shop.product", "pk": 4, "fields": {"category": 3, "name": "Ботинки для сноуборда Northwave G", "image": "photo/2021/10/31/gt_boot_2197687.jpg", "price": "7392.00", "available": true, "description": "Прочные и комфортные GT– это ботинки для оллмаунтин катания.\r\nВнутренний сапожок TF1 из термоформуемой пены обладает эффектом памяти формы. Подошва Lightstep легкая и износостойкая, она также обеспечивает отличную термоизоляцию и эффективное поглощение ударных нагрузок.", "created": "2021-10-31T17:08:46.795Z", "updated": "2021-10-31T17:08:46.795Z"}}, {"model": "shop.product", "pk": 5, "fields": {"category": 3, "name": "Ботинки для сноуборда Rome SDS WOMENS STOMP BOA", "image": "photo/2021/10/31/21_bts_w_stomp_boa_1548849.jpg", "price": "11616.00", "available": true, "description": "Сноубордические ботинки Rome Stomp с системой шнуровки BOA - это наиболее комфортная модель с мягким флексом, созданная чтобы превращать хорошие дни на горе в отличные. Секрет кроется в технологичном внутреннем сапожке RAD F.I.T., который обеспечивает высочайший уровень комфорта и необходимую поддержку. Эта модель сделана для улыбки до ушей и комфорта в течение всего дня.", "created": "2021-10-31T17:09:42.807Z", "updated": "2021-10-31T17:09:42.808Z"}}, {"model": "shop.product", "pk": 6, "fields": {"category": 3, "name": "Ботинки для сноуборда Nitro FUTURA TLS", "image": "photo/2021/10/31/futura_tls_white_black_gum_p1_2532182.jpg", "price": "12500.00", "available": true, "description": "Модель ботинок Flora идеально подходит для прекрасного пола. Малый вес, система быстрой шнуровки TLS, анатомически выверенная форма сапожка и яркие цвета - отличный коктейль для прекрасной половины сноубординга. Удобство использования внутреннего сапожка достигается благодаря анатомической стельке, а также системе Re/Lace, за счет которой внутренник легко подтянуть, не расшнуровывая внешний сапожок, просто потянув за шнуровку. Система Interlock предотвращает расшатывание пятки внутреннего сапожка, увеличивая комфорт во время катания. Внешний ботинок имеет зональную шнуровку TLS, которая обеспечивает непревзойденную поддержку ноге, и Вы всегда сможете подрегулировать затяжку ботинка отдельно в верхней и в нижней зоне благодаря легкой доступности. За ударопоглощение отвечает облегченная подошва EVA с дополнительными амортизационными вставками Rubber. Отдельное внимание уделено простоте снятия ботинка. С технологией Bail Out ослабить шнуровку и снять ботинок можно за считанные секунды.", "created": "2021-10-31T17:10:32.619Z", "updated": "2021-10-31T17:10:32.619Z"}}, {"model": "shop.product", "pk": 7, "fields": {"category": 3, "name": "Ботинки для сноуборда Ride LASSO PRO", "image": "photo/2021/10/31/_lasso_pro_smoke_09_1558214.jpg", "price": "18999.00", "available": true, "description": "Специальная модификация самого популярного ботинка в линейке Ride. Еще больше жесткости, еще больше комфорта, еще больше отзывчивости. Никаких сомнений, Lasso Pro - это одно из лучших творений компании Ride и однозначно один из лидеров на рынке в сезоне 20/21.", "created": "2021-10-31T17:11:16.903Z", "updated": "2021-10-31T17:11:16.903Z"}}, {"model": "shop.product", "pk": 8, "fields": {"category": 1, "name": "Сноуборд Bataleon SURFER", "image": "photo/2021/10/31/surfer_1_2531668.jpg", "price": "65280.00", "available": true, "description": "Когда впереди море пухляка, ничто не сравнится с BATALEON SURFER. Её огромный плавучий нос и 3D платформа 3BT POW, гарантируют беспрецендентную плавучесть.\r\nВ основе конструкции форма Directional Outline c широкой мягкой носовой частью, сужающейся к более жесткой задней, с конструкцией тэйла \"ласточкин хвост\". Фирменная модернизированная 3D платформа Triple Base Technology + Sidekick, позволяет минимизировать поимку канта, обеспечивает улучшенную \"плавучесть\" в глубоком снегу и обладает целым рядом других преимуществ по сравнению с традиционной плоской платформой. Сноуборд имеет прогиб Low Camber. Такой прогиб обеспечивает четкий контроль при перекантовке и высокую стабильность на скорости. Для повышения жесткости без ущерба общему весу в конструкции применен легкий сердечник Ultra Light Core из пород Швейцарского Адамова Дерева и тополя с добавлением полых карбоновых трубок по краям доски. Сердечник с двух сторон закрыт триаксиальным стекловолокном и дополнительно усилен карбоновыми направляющими пластинами в зоне ноуза и тэйла. Такие усиления обеспечивают хорошую торсионную жесткость доски и добавляют отзывчивости прогибу, позволяя сильнее загружать кант и получать более мощную отдачу. В передней и задней части применены амортизирующие пластины AirRide из вспененного материала (прозрачные вставки AirRide видны при просвечивании лампой накаливания). Они эффективно рассеивают вибрации на высоких скоростях. Скользящая поверхность HyperGlide Sintered быстрая и прочная, и ещё быстрее, когда запарафинена.", "created": "2021-10-31T17:13:31.932Z", "updated": "2021-10-31T17:13:31.932Z"}}, {"model": "shop.product", "pk": 9, "fields": {"category": 1, "name": "Сноуборд Bataleon JAM", "image": "photo/2021/10/31/ba_2122_jam_156_top_2210461.jpg", "price": "53040.00", "available": true, "description": "Модель JAM это высокотехнологичный снаряд для олмаунтин фристайла с флексом высокой степени жесткости для исключительной маневренности и отдачи, равно как свободой и плавностью от управления 3D платформой TRIPLE BASE TECH.\r\nКонструкция Directional Twin означает, что доска имеет симметричную форму со слегка удлинённой носовой частью для более естественного чувства от катания с направленной геометрией. Фирменная модернизированная 3D платформа Triple Base Technology + Sidekick, позволяет минимизировать поимку канта, обеспечивает улучшенную \"плавучесть\" в глубоком снегу и обладает целым рядом других преимуществ по сравнению с традиционной плоской платформой. Сноуборд имеет наиболее агрессивный прогиб Dynamic Camber. Такой прогиб обеспечивает наивысший контроль при перекантовке и высокую стабильность на скорости, а в сочетании с платформой 3BT Freestyle - более свободное чувство от управления доской. Для повышения жесткости без ущерба общему весу в конструкции применен самый легкий сердечник Super Ultra Light Core из пород Швейцарского Адамова Дерева и тополя с добавлением полых карбоновых трубок по краям доски между креплениями и в зоне ноуза и тэйла. Сердечник с двух сторон закрыт триаксиальным стекловолокном и дополнительно усилен карбоновыми направляющими пластинами по краям доски. Такие усиления делают прогиб более отзывчивым, а перекантовку и щелчок более мощными. В районе ноуза и тэйла находяться по две параллельные пластины AirRide из вспененного материала, обеспечивающие плавность хода на высоких скоростях, эффективно рассеивая вибрации (прозрачные вставки AirRide видны при просвечивании лампой накаливания). Скользящая поверхность Ultra Glide Sintered - это наиболее быстрая база из материала высочайшей плотности. Она может выдерживать сильнейшие удары и скользить очень быстро, и ещё быстрее, когда запарафинена.", "created": "2021-10-31T17:14:14.520Z", "updated": "2021-10-31T17:14:14.520Z"}}, {"model": "shop.product", "pk": 10, "fields": {"category": 1, "name": "Сноуборд Nitro HIGHLANDER", "image": "photo/2021/10/31/21_highlander_159_t_2527761.jpg", "price": "55660.00", "available": true, "description": "Сноуборд Nitro Highlander - это наиболее технологичная модель для олмаунтин и фрирайда от Nitro. Хотите осуществить самый плавный, легкий, быстрый и контролируемый спуск, который вы когда-либо испытывали! Комфорт во время катания достигается благодаря улучшенным демпфирующим свойствам с помощью новой технологии вставок сердечника Antiphase, позволяющей доске поглощать вибрации для обеспечения плавности хода. Highlander - это самая легкая доска, которую мы производим с использованием технологии сердечника KOROYD®, которая снижает общий вес и помогает поглощать еще больше вибраций, позволяя скользить по разбитому рельефу как нож по маслу. Весовой прогиб TRUE Camber и ламинат Diamond обеспечивают непревзойденную реакцию и точность, когда это необходимо, в то время как технология волнистых выступов канта PowerPods обеспечивает дополнительный контроль ведения доски и позволяет уверенно чувствовать себя на сложных обледенелых поверхностях. Если вы хотите преобразить свои спуски этой зимой с первоклассным сноубордом - не ищите ничего, кроме этой топовой скоростной машины профессионального уровня!", "created": "2021-10-31T17:15:06.094Z", "updated": "2021-10-31T17:15:06.095Z"}}, {"model": "shop.product", "pk": 11, "fields": {"category": 1, "name": "Сноуборд Rome SDS MOUNTAIN DIVISION", "image": "photo/2021/10/31/mtn_div_159_2167310.jpg", "price": "33352.00", "available": true, "description": "Сноуборд Rome Mountain Division. Этот снаряд предназначен для больших гор и мощного фрирайда. Снабжен гибридным прогибом со смещенным к хвосту кэмбером и плавно поднятым в рокер носом, что обеспечивает отличную плавучесть в глубоком снегу и стабильность на скоростях. Несмотря на легкий слой гибридной оплетки, доска обладает отличной торсионной жесткостью благодаря двойным карбоновым стрингерам. Кроме того, у модели имеется спеченный скользяк, который позволит развивать высокую скорость. Прекрасный выбор для тех, кто хочет иметь в своем арсенале универсальный сноуборд, готовый справиться с любыми челленджами.", "created": "2021-10-31T17:15:45.537Z", "updated": "2021-10-31T17:15:45.537Z"}}, {"model": "shop.product", "pk": 12, "fields": {"category": 1, "name": "Сноуборд Rome SDS STALE CREWZER WIDE", "image": "photo/2021/10/31/21_brd_stale_crewzer_1549096.jpg", "price": "25300.00", "available": true, "description": "Сноуборд Stale Crewzer- это надежный и универсальный снаряд для оллмаунтин фристайла. Основа доски в легком сердечнике из тополя и Павловнии с усиливающими вставками из карбона для отличной отдачи и контроля. Под закладными креплений расположены амортизационные вставки из специального материала. Прогиб Fusion Camber - это по сути традиционный кэмбер с большой эффективной площадью канта и двумя малыми рокерами на ноузе и тэйле. Такая конструкция прогиба в сочетании с симметричной направленной геометрией Directional Twin и средней жесткостью доски позволяют одинаково хорошо ходить по обледенелым склонам и карвить по подготовленным трассам, взрывать пухляки во фрирайде и прыгать в парке или за его пределами.", "created": "2021-10-31T17:16:19.962Z", "updated": "2021-10-31T17:16:19.962Z"}}, {"model": "shop.product", "pk": 13, "fields": {"category": 1, "name": "Сноуборд K2 WILDHEART", "image": "photo/2021/10/31/11e0014_1_1_k2_board_wildheart_top_1535877.jpg", "price": "25300.00", "available": true, "description": "Если вы хотите рисовать красивые линии на нетронутых снежных полях или взрывать целину между сказочных зимних деревьев, тогда эта доска для вас.", "created": "2021-10-31T17:17:01.872Z", "updated": "2021-10-31T17:17:01.872Z"}}, {"model": "shop.product", "pk": 14, "fields": {"category": 1, "name": "Сноуборд Nitro MAGNUM", "image": "photo/2021/10/31/21_magnum_163_t_1546284.jpg", "price": "25300.00", "available": true, "description": "Эта модель дает возможность «отрыва» сноубордистам с большим размером ноги. Хотя она никогда не проектировалась как широкая модель, и все её характеристики такие же, как и у обычных досок. Лёгкая и отзывчивая, Magnum имеет направленную форму, позволяющую закладывать фантастические дуги как в бездонной целине, так и на жестком склоне, обходясь без излишнего торможения и дребезжания носа доски. Вставки Power Pods на кантах доски обеспечивают отличное сцепление во время карвинговых дуг, а также на различных скользких обледенелых поверхностях. А быстрая скользящая поверхность Sintered создаёт ни с чем не сравнимое ощущение полёта.", "created": "2021-10-31T17:17:38.860Z", "updated": "2021-10-31T17:17:38.860Z"}}, {"model": "shop.product", "pk": 15, "fields": {"category": 2, "name": "Крепления для сноуборда Drake PODIUM FF", "image": "photo/2021/10/31/podium_ff_1_2531068.jpg", "price": "40800.00", "available": true, "description": "Модель PODIUM FF идеальные крепления для суперточных линий благодаря мгновенной передаче усилия на кант сноуборда. Полностью карбоновый хайбэк, магниевые бакли и облегчённая алюминиевая база Omnicrom Light позволят выйти на новый уровень катания. Кантинг базы для максимально естественной стойки во время катания. Новые эргономичные верхние стрэпы Grandmaster Strap проводят точную передачу усилия на крепления. Технология стальных пружин Eazy-Entry на коннекторах верхних стрэп облегчает жизнь райдера, позволяя облегчить процесс встегивания и выстегивания. Крепления Podium FF настолько мощные, что вашим друзьям придется очень стараться, чтобы угнаться за вами.", "created": "2021-10-31T17:18:46.740Z", "updated": "2021-10-31T17:18:46.740Z"}}, {"model": "shop.product", "pk": 16, "fields": {"category": 2, "name": "Крепления для сноуборда Rome SDS CLEAVER", "image": "photo/2021/10/31/2122_rome_photo_web_bdg_cleaver_stale_34view_2507127.jpg", "price": "35088.00", "available": true, "description": "Сноубордические крепления Cleaver - это наиболее технологичные и мощные крепления от компании ROME SDS. В конструкции креплений применяется хайбэк и база из карбонового волокна и нейлона. Хилкэп Fullwrap это наиболее жесткая симметричная конструкция пяточной дуги, обеспечивает мощную передачу энергии. Амортизационная подложка базы из вязкоупругой пены D3O помогает эффективно гасить ударные нагрузки. Высокотехнологичные стрэпы Proflex и Progrip надежно фиксируют ботинки в креплениях, эффективно распределяя давление по всей площади соприкосновения. Rome Cleaver создан для скоростного катания, полетов и агрессивного карвинга. Крепления обладают широким диапазоном настроек положения хайбэка, верхней стрэпы и базы.", "created": "2021-10-31T17:19:18.682Z", "updated": "2021-10-31T17:19:18.682Z"}}, {"model": "shop.product", "pk": 17, "fields": {"category": 2, "name": "Крепления для сноуборда Ride A-10", "image": "photo/2021/10/31/ride_f21_a10_black_3_2511633.jpg", "price": "33456.00", "available": true, "description": "Прочные, легкие, технологичные и отзывчивые A-10 - это высокопроизводительная машина, сочетающая в себе все самые передовые технологии компании Ride и предназначенная для покорения самых крутых склонов и нетронутой снежной целины.\r\n\r\nОсобенности конструкции:\r\n- Алюминиевая база линейки A-Series;\r\n- Карбоновый хайбэк Carbon Slimeback™ с вставкой из уретана для гашения вибраций и максимального контроля;\r\n- Трехкомпонентный пяточный стрэп, сконструированный из пены с внутренней стороны и 2-х видов пластика разной плотности - с внешней, - для комфортной надёжной фиксации пятки, долговечности и отзывчивости;\r\n- Минималистичный носочный стрэп с патентованной накладкой для максимального прилегания к носку ботинка;\r\n- Футбэд с углом наклона 2,5° для естественной постановки стопы и специальными амортизационными вставками;\r\n- Алюминиевые и пластиковые диски в комплекте на все случаи жизни;\r\n- Алюминиевые клипсы Linkage, обеспечивающие максимально возможную плавность хода и высокий уровень сцепки с гребенкой", "created": "2021-10-31T17:19:49.868Z", "updated": "2021-10-31T17:19:49.868Z"}}, {"model": "shop.product", "pk": 18, "fields": {"category": 2, "name": "Крепления для сноуборда Nitro MACHINE", "image": "photo/2021/10/31/21_machine_carbon_grey_p1_2518245.jpg", "price": "35088.00", "available": true, "description": "Сноубордические крепления MACHINE – это наиболее технологичная модель креплений для олмаунтин и фрирайда от Nitro. Модель с высоким индексом жесткости, она подойдет для постоянно совершенствующихся и продвинутых райдеров, котором нужна четкая поддержка при динамичном катании. Сочетание карбоновой базы CARBON AIR 2.0 и асимметричного карбонового хайбэка Carbon Beam, а также кантинг верхней накладки в 3 градуса обеспечивает правильную эргономичную поддержку стопы. Добавьте к этому новую невероятно цепкую нижнюю стрэпу UBERGRIP от VIbram™ и вы получаете платформу для гравити-дисциплин мирового уровня. Амортизирующая подушка DUAL AIR в области носа и пятки эффективно рассеивает ударные нагрузки. Трос из нержавеющей стали в этих ремешках гарантирует долговечность даже при самом жёстком катании. Молниеносная передача усилия на доску, точность исполнения, удобная и быстрая регулировка - настоящие крепления для настоящих профессионалов!", "created": "2021-10-31T17:20:17.872Z", "updated": "2021-10-31T17:20:17.872Z"}}, {"model": "shop.product", "pk": 19, "fields": {"category": 5, "name": "Куртка Nitro Куртка Alagna", "image": "photo/2021/11/01/img_1913alagna_cascade_906860_910398_1.jpg", "price": "10300.00", "available": true, "description": "Один из старейших брэндов в мире сноубординга с неисчислимым количеством побед на всех видах сноубордических соревнований. Начиная с 1990 года и по сей день основной целью Nitro было производство всего спектра оборудования с использованием новейших технологий и во всем спектре наименований. Европейское производство досок с высочайшим уровнем контроля качества при сочетании дорогих материалов, постоянного экспериментирования с формой, начинкой и характеристиками скользящей поверхности. Огромный модельный ряд долговечных ботинок с системой быстрой шнуровки и термоформируемыми внутренниками. Непревзойденное качество креплений Raiden так безупречно, что их используют даже прорайдеры команд конкурирующих брэндов. Ну и конечно же ультрамодная линия сноубордической одежды L1- с серьёзными мембранами, удивительными дизайнами и всевозможной текстурой тканей. Благодаря этому Nitro - один из лидеров сноубордического рынка.", "created": "2021-10-31T17:22:01.080Z", "updated": "2021-11-01T09:03:31.213Z"}}, {"model": "shop.product", "pk": 20, "fields": {"category": 5, "name": "Куртка Nitro Куртка Fautline", "image": "", "price": "12455.00", "available": true, "description": "Один из старейших брэндов в мире сноубординга с неисчислимым количеством побед на всех видах сноубордических соревнований. Начиная с 1990 года и по сей день основной целью Nitro было производство всего спектра оборудования с использованием новейших технологий и во всем спектре наименований. Европейское производство досок с высочайшим уровнем контроля качества при сочетании дорогих материалов, постоянного экспериментирования с формой, начинкой и характеристиками скользящей поверхности. Огромный модельный ряд долговечных ботинок с системой быстрой шнуровки и термоформируемыми внутренниками. Непревзойденное качество креплений Raiden так безупречно, что их используют даже прорайдеры команд конкурирующих брэндов. Ну и конечно же ультрамодная линия сноубордической одежды L1- с серьёзными мембранами, удивительными дизайнами и всевозможной текстурой тканей. Благодаря этому Nitro - один из лидеров сноубордического рынка.", "created": "2021-10-31T17:22:32.844Z", "updated": "2021-10-31T17:22:32.844Z"}}, {"model": "shop.product", "pk": 21, "fields": {"category": 5, "name": "Куртка Westbeach Куртка Garage Jacket", "image": "photo/2021/10/31/garage_jacket_armstrong_pant_2_of_4_795897_839948.jpg", "price": "6000.00", "available": true, "description": "Более четверти века канадская компания Westbeach создает уникальную по дизайну молодежную одежду для катания на сноуборде, для занятий серфингом и для повседневной носки. Коллекция нового сезона насыщена моделями, которые подчеркнут вашу индивидуальность и отменный стиль, сохраняя при этом комфорт и практичность. Если вы любите яркость и неповторимость, то вы на правильном пути!", "created": "2021-10-31T17:23:02.085Z", "updated": "2021-10-31T17:23:02.085Z"}}, {"model": "shop.product", "pk": 22, "fields": {"category": 5, "name": "Куртка L1 Куртка Fairbanks", "image": "photo/2021/10/31/img_2018fairbanks_heartbreaker_906806_910380.jpg", "price": "3300.00", "available": true, "description": "L1 - это премиум-бренд одежды для сноубординга, созданный компанией Nitro. В новом сезоне L1 представляет свою фэшн линию модной одежды, которая включает в себя разнообразие дорогих и модных материалов, фасонов и стилей, дорогих деталей отделки, не упуская при этом технологичность и функциональность.", "created": "2021-10-31T17:23:35.629Z", "updated": "2021-10-31T17:23:35.629Z"}}, {"model": "shop.product", "pk": 23, "fields": {"category": 4, "name": "Брюки Mammut Брюки STONEY HS PANTS MEN", "image": "photo/2021/10/31/stoney_hs_pt_m_carmine_gho1_4c_1051672.jpg", "price": "6400.00", "available": true, "description": "Ветро-влагозащитные брюки для горных видов спорта. Усиление в районе голеностопа. Активная вентиляция на молнии. Свободный крой, эластичные снегозащитные гетры.", "created": "2021-10-31T17:24:42.211Z", "updated": "2021-10-31T17:24:42.211Z"}}, {"model": "shop.product", "pk": 24, "fields": {"category": 4, "name": "Брюки Ride Брюки 3.5L Harbor Pant", "image": "photo/2021/10/31/ride_1415_harbor_black_891066_895272.jpg", "price": "6048.00", "available": true, "description": "Дебют компании Ride состоялся в далеком 1992 году в Вашингтоне. В течение нескольких следующих лет происходил агрессивный маркетинговый и спортивный рост бренда. Этому способствовали тривиальные истины успеха: постоянное использование новых технологий, расширение модельного ряда, удачные маркетинговые ходы руководства компании и преисполненные восхищения отзывы потребителей.\r\nК концу 90-х годов окончательно сформировался неповторимый образ компании Ride: всегда новые фишки, всегда ультрамодный модельный ряд, все для людей.\r\nМаркетинговое исследование рынка конкурентами показало достоверный факт: классические алюминиевые сноубордические крепления Ride покупаются чаще, чем алюминиевые крепления любого другого брэнда.\r\nНа современном этапе своего существования компания Ride уже около десятилетия трудится на поприще спортивного олимпа бок о бок с компанией К2.", "created": "2021-10-31T17:25:23.683Z", "updated": "2021-10-31T17:25:23.683Z"}}, {"model": "shop.product", "pk": 25, "fields": {"category": 4, "name": "Брюки L1 Брюки Americana", "image": "photo/2021/10/31/img_8886_rambler_797477_839657.jpg", "price": "8000.00", "available": true, "description": "L1 - это премиум-бренд одежды для сноубординга, созданный компанией Nitro. В новом сезоне L1 представляет свою фэшн линию модной одежды, которая включает в себя разнообразие дорогих и модных материалов, фасонов и стилей, дорогих деталей отделки, не упуская при этом технологичность и функциональность.\r\nДРУГИЕ ТОВАРЫ L1:", "created": "2021-10-31T17:26:03.190Z", "updated": "2021-10-31T17:26:03.190Z"}}, {"model": "shop.product", "pk": 26, "fields": {"category": 6, "name": "Перчатки Level ASTRA W GORE-TEX", "image": "photo/2021/10/31/3339wg_04_astra_w_gore_tex_grey_00_1547246.jpg", "price": "4000.00", "available": true, "description": "Технологичные, спортивные и современные перчатки с эргономичным дизайном и лучшей мембраной в мире. Идеальный выбор для любителей активного отдыха.", "created": "2021-10-31T17:28:12.805Z", "updated": "2021-10-31T17:28:12.805Z"}}, {"model": "shop.product", "pk": 27, "fields": {"category": 6, "name": "Перчатки Level EVOLUTION GORE-TEX", "image": "photo/2021/10/31/3336ug_15_evolution_gtx_anthracite_1547262.jpg", "price": "5000.00", "available": true, "description": "Перчатки с мембраной Gore-Tex®, цель которых проста - максимальный комфорт, вентиляция и водостойкость", "created": "2021-10-31T17:28:40.260Z", "updated": "2021-10-31T17:28:40.260Z"}}, {"model": "shop.product", "pk": 28, "fields": {"category": 6, "name": "Перчатки Level SQ CF", "image": "photo/2021/11/01/3015ug_07_sq_cf_yellow_2529996.jpg", "price": "12000.00", "available": true, "description": "Главный фаворит на Кубках Мира и любимец атлетов. Максимальная защита, тепло и технологичность. Только самое лучшее для лучших!", "created": "2021-10-31T17:29:13.914Z", "updated": "2021-11-01T11:21:07.585Z"}}, {"model": "shop.product", "pk": 29, "fields": {"category": 7, "name": "Растирка Smith Губка Snow Eraser", "image": "photo/2021/10/31/00_01_smith_sno_smith_00_01_gubka_snow_eraser_1229495.jpg", "price": "72.00", "available": true, "description": "Компания Smith основана в 1965 году в США. На протяжении многих лет Smith производит горнолыжные очки. Сегодня компания известна не только горнолыжными масками, но и солнцезащитными очкками, линзами и шлемами.\r\n“Год за годом компания преследует одну цель - совершенствовать свою продукцию. Мы исследуем то, что нужно нашей Pro team\", воплощаем это в жизнь, тестируем, тестируем, тестируем, улучшаем, разбиваем, собираем, опять тестируем, и так до тех пор, пока наш продукт не будет отвечать всем требованиям, пока он не будет безупречен.\"\r\nСочетание высоких технологий, стиля - Smith не обманет ваших ожиданий в новом сезоне, представив новую линейку своей продукции.", "created": "2021-10-31T17:30:11.093Z", "updated": "2021-10-31T17:30:11.093Z"}}, {"model": "shop.product", "pk": 30, "fields": {"category": 7, "name": "Маска Smith CMX (ПОЛНАЯ)", "image": "photo/2021/10/31/00_01_smith_stm_fmcx22_smith_zahitnaj_maska_cmx_polnaj_cvet_grey_cimg60_k9PiR3Q.jpg", "price": "84.00", "available": true, "description": "Компания Smith основана в 1965 году в США. На протяжении многих лет Smith производит горнолыжные очки. Сегодня компания известна не только горнолыжными масками, но и солнцезащитными очкками, линзами и шлемами.\r\n“Год за годом компания преследует одну цель - совершенствовать свою продукцию. Мы исследуем то, что нужно нашей Pro team\", воплощаем это в жизнь, тестируем, тестируем, тестируем, улучшаем, разбиваем, собираем, опять тестируем, и так до тех пор, пока наш продукт не будет отвечать всем требованиям, пока он не будет безупречен.\"\r\nСочетание высоких технологий, стиля - Smith не обманет ваших ожиданий в новом сезоне, представив новую линейку своей продукции.", "created": "2021-10-31T17:31:03.820Z", "updated": "2021-10-31T17:31:03.820Z"}}, {"model": "shop.product", "pk": 31, "fields": {"category": 7, "name": "Балаклава Turtle Fur COMFORT SHELL STRIA NINJA STRIA", "image": "photo/2021/10/31/465727_112_2199868.jpg", "price": "2000.00", "available": true, "description": "Балаклава для защиты головы и шеи от холода. Плоские эластичные швы обеспечивают комфорт во время занятий спортом. Вы можете носить ее под шапку, шлем или самостоятельно. Подходит для всех зимних видов спорта.", "created": "2021-10-31T17:31:44.761Z", "updated": "2021-10-31T17:31:44.762Z"}}, {"model": "shop.product", "pk": 32, "fields": {"category": 1, "name": "Тестовая доска", "image": "", "price": "100000.00", "available": true, "description": "тест  тест  тест  тест  тест  тест  тест  тест  тест  тест  тест  тест  тест  тест  тест  тест  тест  тест  тест  тест  тест  тест  тест  тест  тест  тест  тест  тест  тест  тест  тест  тест  тест  тест  тест  тест  тест  тест  тест  тест  тест  тест  тест  тест  тест  тест  тест  тест  тест  тест  тест  тест  тест  тест  тест  тест  тест  тест", "created": "2021-12-18T12:51:32.352Z", "updated": "2021-12-18T12:51:32.352Z"}}, {"model": "shop.product", "pk": 33, "fields": {"category": 2, "name": "wwww", "image": "", "price": "333.00", "available": true, "description": "wwww3", "created": "2021-12-18T14:41:17.546Z", "updated": "2021-12-18T14:41:17.546Z"}}, {"model": "shop.product", "pk": 34, "fields": {"category": 3, "name": "eeeee", "image": "", "price": "1111.00", "available": true, "description": "eee", "created": "2021-12-18T14:44:38.853Z", "updated": "2021-12-18T14:44:38.853Z"}}, {"model": "shop.product", "pk": 35, "fields": {"category": 2, "name": "eeee", "image": "", "price": "111.00", "available": true, "description": "ee", "created": "2021-12-18T14:46:26.505Z", "updated": "2021-12-18T14:46:26.505Z"}}, {"model": "shop.product", "pk": 36, "fields": {"category": 1, "name": "rrrr", "image": "", "price": "2222.00", "available": true, "description": "qweqweqweq", "created": "2021-12-18T14:53:39.982Z", "updated": "2021-12-18T14:53:39.983Z"}}, {"model": "shop.product", "pk": 37, "fields": {"category": 7, "name": "2222", "image": "", "price": "3333.00", "available": true, "description": "eqweqweqwe", "created": "2021-12-18T19:44:47.106Z", "updated": "2021-12-18T19:44:47.106Z"}}, {"model": "shop.product", "pk": 38, "fields": {"category": 7, "name": "223213231231", "image": "", "price": "123.00", "available": true, "description": "sdasdasdasd", "created": "2021-12-18T19:48:03.379Z", "updated": "2021-12-18T19:48:03.379Z"}}, {"model": "shop.product", "pk": 39, "fields": {"category": 3, "name": "3321", "image": "", "price": "3333.00", "available": true, "description": "dsadds", "created": "2021-12-18T19:52:01.272Z", "updated": "2021-12-18T19:52:01.272Z"}}, {"model": "shop.product", "pk": 40, "fields": {"category": 3, "name": "31344", "image": "", "price": "333.00", "available": true, "description": "afdfsdf", "created": "2021-12-18T19:55:53.011Z", "updated": "2021-12-18T19:55:53.011Z"}}, {"model": "shop.product", "pk": 41, "fields": {"category": 1, "name": "2123", "image": "", "price": "333.00", "available": true, "description": "adsdada", "created": "2021-12-18T19:57:03.703Z", "updated": "2021-12-18T19:57:03.703Z"}}, {"model": "shop.product", "pk": 42, "fields": {"category": 1, "name": "dfdfdf", "image": "", "price": "33.00", "available": true, "description": "dsd", "created": "2021-12-18T19:57:30.398Z", "updated": "2021-12-18T19:57:30.398Z"}}, {"model": "shop.product", "pk": 43, "fields": {"category": 3, "name": "23213", "image": "", "price": "233.00", "available": true, "description": "addf", "created": "2021-12-18T20:02:55.259Z", "updated": "2021-12-18T20:02:55.259Z"}}, {"model": "shop.product", "pk": 44, "fields": {"category": 3, "name": "dsdsa", "image": "", "price": "333.00", "available": true, "description": "qwewqe", "created": "2021-12-18T20:05:07.988Z", "updated": "2021-12-18T20:05:07.988Z"}}, {"model": "shop.product", "pk": 45, "fields": {"category": 3, "name": "2312312", "image": "", "price": "222.00", "available": true, "description": "dasda", "created": "2021-12-18T20:07:02.005Z", "updated": "2021-12-18T20:07:02.005Z"}}, {"model": "shop.product", "pk": 46, "fields": {"category": 3, "name": "fddgfdg", "image": "", "price": "3.00", "available": true, "description": "dfsdf", "created": "2021-12-18T20:10:45.709Z", "updated": "2021-12-18T20:10:45.709Z"}}, {"model": "shop.product", "pk": 47, "fields": {"category": 7, "name": "wqeqw", "image": "", "price": "32.00", "available": true, "description": "dsa", "created": "2021-12-18T20:11:51.187Z", "updated": "2021-12-18T20:11:51.187Z"}}, {"model": "shop.product", "pk": 48, "fields": {"category": 3, "name": "asda", "image": "", "price": "2.00", "available": true, "description": "sds", "created": "2021-12-18T20:33:46.650Z", "updated": "2021-12-18T20:33:46.650Z"}}, {"model": "shop.product", "pk": 49, "fields": {"category": 1, "name": "asdsad", "image": "", "price": "33.00", "available": true, "description": "d", "created": "2021-12-18T20:38:00.822Z", "updated": "2021-12-18T20:38:00.822Z"}}, {"model": "shop.product", "pk": 50, "fields": {"category": 7, "name": "sassss", "image": "", "price": "2.00", "available": true, "description": "d", "created": "2021-12-18T20:39:08.014Z", "updated": "2021-12-18T20:39:08.014Z"}}, {"model": "shop.product", "pk": 51, "fields": {"category": 3, "name": "2222", "image": "", "price": "11.00", "available": true, "description": "11", "created": "2021-12-18T20:57:53.301Z", "updated": "2021-12-18T20:57:53.302Z"}}, {"model": "shop.product", "pk": 52, "fields": {"category": 1, "name": "qqq", "image": "", "price": "11.00", "available": true, "description": "1", "created": "2021-12-18T20:58:58.274Z", "updated": "2021-12-18T20:58:58.274Z"}}, {"model": "shop.product", "pk": 53, "fields": {"category": 3, "name": "star", "image": "", "price": "11.00", "available": true, "description": "w", "created": "2021-12-18T21:01:31.785Z", "updated": "2021-12-18T21:01:31.785Z"}}, {"model": "shop.product", "pk": 54, "fields": {"category": 3, "name": "3333333333", "image": "", "price": "11.00", "available": true, "description": "sad", "created": "2021-12-18T21:18:22.462Z", "updated": "2021-12-18T21:18:22.462Z"}}, {"model": "shop.product", "pk": 55, "fields": {"category": 7, "name": "123", "image": "", "price": "23.00", "available": true, "description": "sdds", "created": "2021-12-18T21:25:11.742Z", "updated": "2021-12-18T21:25:11.742Z"}}, {"model": "shop.product", "pk": 56, "fields": {"category": 3, "name": "dsds", "image": "", "price": "332.00", "available": true, "description": "qqqq", "created": "2021-12-18T21:25:56.297Z", "updated": "2021-12-18T21:25:56.298Z"}}, {"model": "shop.product", "pk": 58, "fields": {"category": 1, "name": "НОВАЯ ДЭКА 666 МАТЬ ВАШУ", "image": "", "price": "999999.00", "available": true, "description": "НА ВСЕ БАБКИИИИ", "created": "2021-12-18T21:27:49.634Z", "updated": "2021-12-18T21:27:49.634Z"}}, {"model": "shop.product", "pk": 59, "fields": {"category": 3, "name": "aaaa", "image": "", "price": "111.00", "available": true, "description": "222", "created": "2021-12-19T13:45:44.944Z", "updated": "2021-12-19T13:45:44.944Z"}}, {"model": "shop.product", "pk": 60, "fields": {"category": 1, "name": "bbbb", "image": "", "price": "222.00", "available": true, "description": "333", "created": "2021-12-19T13:46:38.375Z", "updated": "2021-12-19T13:46:38.375Z"}}, {"model": "shop.subscriber", "pk": 6, "fields": {"user": 1}}, {"model": "shop.subscriber", "pk": 7, "fields": {"user": 15}}, {"model": "orders.order", "pk": 1, "fields": {"first_name": "qweqwe", "last_name": "qweqweqwe", "email": "eqw@mal.ru", "address": "scscxvzcvcv", "postal_code": "11123123", "city": "xcxczcvcv", "created": "2021-11-07T12:35:06.464Z", "updated": "2021-11-07T12:35:06.464Z", "paid": false, "braintree_id": "", "coupon": null, "discount": 0}}, {"model": "orders.order", "pk": 2, "fields": {"first_name": "qweqwe", "last_name": "qweqweqwe", "email": "eqw@mal.ru", "address": "scscxvzcvcv", "postal_code": "11123123", "city": "xcxczcvcv", "created": "2021-11-07T12:35:20.117Z", "updated": "2021-11-07T12:35:20.117Z", "paid": true, "braintree_id": "", "coupon": null, "discount": 0}}, {"model": "orders.order", "pk": 3, "fields": {"first_name": "qweqwe", "last_name": "qweqweqwe", "email": "eqw@mal.ru", "address": "scscxvzcvcv", "postal_code": "11123123", "city": "xcxczcvcv", "created": "2021-11-07T12:35:54.903Z", "updated": "2021-11-07T12:35:54.903Z", "paid": false, "braintree_id": "", "coupon": null, "discount": 0}}, {"model": "orders.order", "pk": 4, "fields": {"first_name": "qweqwe", "last_name": "qweqweqwe", "email": "eqw@mal.ru", "address": "scscxvzcvcv", "postal_code": "11123123", "city": "xcxczcvcv", "created": "2021-11-07T12:36:01.189Z", "updated": "2021-11-07T12:36:01.189Z", "paid": true, "braintree_id": "", "coupon": null, "discount": 0}}, {"model": "orders.order", "pk": 5, "fields": {"first_name": "qweqwe", "last_name": "qweqweqwe", "email": "eqw@mal.ru", "address": "scscxvzcvcv", "postal_code": "11123123", "city": "xcxczcvcv", "created": "2021-11-07T12:36:44.399Z", "updated": "2021-11-07T12:36:44.399Z", "paid": false, "braintree_id": "", "coupon": null, "discount": 0}}, {"model": "orders.order", "pk": 6, "fields": {"first_name": "asdasd", "last_name": "asdasd", "email": "sad@mail.ru", "address": "bfsv", "postal_code": "t6t", "city": "vhhd", "created": "2021-11-07T15:28:13.601Z", "updated": "2021-11-07T15:28:13.601Z", "paid": false, "braintree_id": "", "coupon": null, "discount": 0}}, {"model": "orders.order", "pk": 7, "fields": {"first_name": "asdads", "last_name": "asdasd", "email": "sad@mail.ru", "address": "bfsv", "postal_code": "t6t", "city": "vhhd", "created": "2021-11-07T15:30:55.725Z", "updated": "2021-11-07T15:30:55.725Z", "paid": false, "braintree_id": "", "coupon": null, "discount": 0}}, {"model": "orders.order", "pk": 8, "fields": {"first_name": "dasdsda", "last_name": "asdasd", "email": "sad@mail.ru", "address": "bfsv", "postal_code": "t6t", "city": "vhhd", "created": "2021-11-07T15:32:20.374Z", "updated": "2021-11-07T15:32:20.375Z", "paid": false, "braintree_id": "", "coupon": null, "discount": 0}}, {"model": "orders.order", "pk": 9, "fields": {"first_name": "asdasd", "last_name": "asdasd", "email": "sad@mail.ru", "address": "bfsv", "postal_code": "t6t", "city": "vhhd", "created": "2021-11-07T15:33:42.545Z", "updated": "2021-11-07T15:33:42.545Z", "paid": false, "braintree_id": "", "coupon": null, "discount": 0}}, {"model": "orders.order", "pk": 10, "fields": {"first_name": "adsasd", "last_name": "czxc", "email": "sad@mal.ru", "address": "hfgy", "postal_code": "553", "city": "afdf", "created": "2021-11-08T19:50:25.529Z", "updated": "2021-11-08T19:50:25.529Z", "paid": false, "braintree_id": "", "coupon": null, "discount": 0}}, {"model": "orders.order", "pk": 11, "fields": {"first_name": "sdadsad", "last_name": "sadasdasd", "email": "sad@mal.ru", "address": "hfgy", "postal_code": "553", "city": "afdf", "created": "2021-11-08T20:08:34.793Z", "updated": "2021-11-08T20:08:34.793Z", "paid": false, "braintree_id": "", "coupon": null, "discount": 0}}, {"model": "orders.order", "pk": 12, "fields": {"first_name": "cxcz", "last_name": "asdasd", "email": "sad@mail.ru", "address": "bfsv", "postal_code": "t6t", "city": "vhhd", "created": "2021-11-08T20:10:15.104Z", "updated": "2021-11-08T20:10:15.104Z", "paid": false, "braintree_id": "", "coupon": null, "discount": 0}}, {"model": "orders.order", "pk": 13, "fields": {"first_name": "Никита", "last_name": "Зубков", "email": "bigmama93@mail.ru", "address": "moscow", "postal_code": "14223", "city": "moscow", "created": "2021-11-08T20:13:42.919Z", "updated": "2021-11-08T20:13:42.919Z", "paid": false, "braintree_id": "", "coupon": null, "discount": 0}}, {"model": "orders.order", "pk": 14, "fields": {"first_name": "Никита", "last_name": "Зубков", "email": "bigmama93@mail.ru", "address": "moscow", "postal_code": "14223", "city": "moscow", "created": "2021-11-08T20:15:48.456Z", "updated": "2021-11-08T20:15:48.457Z", "paid": false, "braintree_id": "", "coupon": null, "discount": 0}}, {"model": "orders.order", "pk": 15, "fields": {"first_name": "Никита", "last_name": "Зубков", "email": "bigmama93@mail.ru", "address": "moscow", "postal_code": "14223", "city": "moscow", "created": "2021-11-08T20:19:00.487Z", "updated": "2021-11-08T20:19:00.487Z", "paid": false, "braintree_id": "", "coupon": null, "discount": 0}}, {"model": "orders.order", "pk": 16, "fields": {"first_name": "Никита", "last_name": "Зубков", "email": "bigmama93@mail.ru", "address": "moscow", "postal_code": "14223", "city": "moscow", "created": "2021-11-08T20:19:34.673Z", "updated": "2021-11-08T20:19:34.674Z", "paid": false, "braintree_id": "", "coupon": null, "discount": 0}}, {"model": "orders.order", "pk": 17, "fields": {"first_name": "сссс", "last_name": "ссс", "email": "bigmama93@mail.ru", "address": "moscow", "postal_code": "14223", "city": "moscow", "created": "2021-11-09T07:58:26.865Z", "updated": "2021-11-09T07:58:26.865Z", "paid": false, "braintree_id": "", "coupon": null, "discount": 0}}, {"model": "orders.order", "pk": 18, "fields": {"first_name": "dasdasd", "last_name": "zxcczxe", "email": "bigmama93@mail.ru", "address": "moscow", "postal_code": "14223", "city": "moscow", "created": "2021-11-09T08:00:39.408Z", "updated": "2021-11-09T08:00:39.408Z", "paid": false, "braintree_id": "", "coupon": null, "discount": 0}}, {"model": "orders.order", "pk": 19, "fields": {"first_name": "fffgg", "last_name": "dfsd", "email": "bigmama93@mail.ru", "address": "moscow", "postal_code": "14223", "city": "moscow", "created": "2021-11-09T08:06:37.330Z", "updated": "2021-11-09T08:06:37.330Z", "paid": false, "braintree_id": "", "coupon": null, "discount": 0}}, {"model": "orders.order", "pk": 20, "fields": {"first_name": "fffgg", "last_name": "dfsd", "email": "bigmama93@mail.ru", "address": "moscow", "postal_code": "14223", "city": "moscow", "created": "2021-11-09T08:11:47.431Z", "updated": "2021-11-09T08:11:47.432Z", "paid": false, "braintree_id": "", "coupon": null, "discount": 0}}, {"model": "orders.order", "pk": 21, "fields": {"first_name": "фывфывфы", "last_name": "фывфывфывфыв", "email": "zusmanone1@gmail.com", "address": "saadd", "postal_code": "adas", "city": "sfd", "created": "2021-11-09T08:12:20.431Z", "updated": "2021-11-09T08:12:20.431Z", "paid": false, "braintree_id": "", "coupon": null, "discount": 0}}, {"model": "orders.order", "pk": 22, "fields": {"first_name": "adsd", "last_name": "asd", "email": "zusmanone1@gmail.com", "address": "asd", "postal_code": "asd", "city": "Москва", "created": "2021-11-09T08:33:05.889Z", "updated": "2021-11-09T08:33:05.889Z", "paid": false, "braintree_id": "", "coupon": null, "discount": 0}}, {"model": "orders.order", "pk": 23, "fields": {"first_name": "asdasd1212", "last_name": "dsadwq1", "email": "zusmanone1@gmail.com", "address": "123213", "postal_code": "dasf", "city": "sdasd", "created": "2021-11-09T08:34:03.283Z", "updated": "2021-11-09T08:34:03.283Z", "paid": false, "braintree_id": "", "coupon": null, "discount": 0}}, {"model": "orders.order", "pk": 24, "fields": {"first_name": "asd", "last_name": "asd", "email": "zusmanone1@gmail.com", "address": "asd", "postal_code": "asd", "city": "Москва", "created": "2021-11-09T08:35:34.858Z", "updated": "2021-11-09T08:35:34.858Z", "paid": false, "braintree_id": "", "coupon": null, "discount": 0}}, {"model": "orders.order", "pk": 25, "fields": {"first_name": "dasdas", "last_name": "asdasdasd", "email": "zusmanone1@gmail.com", "address": "asd", "postal_code": "asd", "city": "Москва", "created": "2021-11-09T08:37:23.943Z", "updated": "2021-11-09T08:37:23.944Z", "paid": false, "braintree_id": "", "coupon": null, "discount": 0}}, {"model": "orders.order", "pk": 26, "fields": {"first_name": "qwww", "last_name": "wwwwq", "email": "zusmanone1@gmail.com", "address": "Ленqwe", "postal_code": "qwe", "city": "Москва", "created": "2021-11-09T08:40:20.446Z", "updated": "2021-11-09T08:40:20.446Z", "paid": false, "braintree_id": "", "coupon": null, "discount": 0}}, {"model": "orders.order", "pk": 27, "fields": {"first_name": "qwww", "last_name": "wwwwq", "email": "zusmanone1@gmail.com", "address": "Ленqwe", "postal_code": "qwe", "city": "Москва", "created": "2021-11-09T08:40:55.395Z", "updated": "2021-11-09T08:40:55.395Z", "paid": false, "braintree_id": "", "coupon": null, "discount": 0}}, {"model": "orders.order", "pk": 28, "fields": {"first_name": "sad", "last_name": "dasd", "email": "zusmanone1@gmail.com", "address": "asd", "postal_code": "asd", "city": "Москва", "created": "2021-11-09T08:45:58.981Z", "updated": "2021-11-09T08:45:58.981Z", "paid": false, "braintree_id": "", "coupon": null, "discount": 0}}, {"model": "orders.order", "pk": 29, "fields": {"first_name": "sd", "last_name": "asd", "email": "zusmanone1@gmail.com", "address": "sd", "postal_code": "142121", "city": "Москва", "created": "2021-11-09T08:46:31.236Z", "updated": "2021-11-09T08:46:31.236Z", "paid": false, "braintree_id": "", "coupon": null, "discount": 0}}, {"model": "orders.order", "pk": 30, "fields": {"first_name": "sd", "last_name": "asd", "email": "zusmanone1@gmail.com", "address": "sd", "postal_code": "142121", "city": "Москва", "created": "2021-11-09T08:56:16.955Z", "updated": "2021-11-09T08:56:16.955Z", "paid": false, "braintree_id": "", "coupon": null, "discount": 0}}, {"model": "orders.order", "pk": 31, "fields": {"first_name": "wqweqweqw", "last_name": "eqweqweq", "email": "zusmanone1@gmail.com", "address": "asd", "postal_code": "asd", "city": "Москва", "created": "2021-11-09T08:58:56.700Z", "updated": "2021-11-09T08:58:56.700Z", "paid": false, "braintree_id": "", "coupon": null, "discount": 0}}, {"model": "orders.order", "pk": 32, "fields": {"first_name": "wqweqweqw", "last_name": "eqweqweq", "email": "zusmanone1@gmail.com", "address": "asd", "postal_code": "asd", "city": "Москва", "created": "2021-11-09T08:59:39.478Z", "updated": "2021-11-09T08:59:39.478Z", "paid": false, "braintree_id": "", "coupon": null, "discount": 0}}, {"model": "orders.order", "pk": 33, "fields": {"first_name": "wqweqweqw", "last_name": "eqweqweq", "email": "zusmanone1@gmail.com", "address": "asd", "postal_code": "asd", "city": "Москва", "created": "2021-11-09T09:00:35.654Z", "updated": "2021-11-09T09:00:35.654Z", "paid": false, "braintree_id": "", "coupon": null, "discount": 0}}, {"model": "orders.order", "pk": 34, "fields": {"first_name": "wqweqweqw", "last_name": "eqweqweq", "email": "zusmanone1@gmail.com", "address": "asd", "postal_code": "asd", "city": "Москва", "created": "2021-11-09T09:00:39.538Z", "updated": "2021-11-09T09:00:39.538Z", "paid": false, "braintree_id": "", "coupon": null, "discount": 0}}, {"model": "orders.order", "pk": 35, "fields": {"first_name": "wqweqweqw", "last_name": "eqweqweq", "email": "zusmanone1@gmail.com", "address": "asd", "postal_code": "asd", "city": "Москва", "created": "2021-11-09T09:06:01.974Z", "updated": "2021-11-09T09:06:01.974Z", "paid": false, "braintree_id": "", "coupon": null, "discount": 0}}, {"model": "orders.order", "pk": 36, "fields": {"first_name": "wqweqweqw", "last_name": "eqweqweq", "email": "zusmanone1@gmail.com", "address": "asd", "postal_code": "asd", "city": "Москва", "created": "2021-11-09T09:06:15.961Z", "updated": "2021-11-09T09:06:15.961Z", "paid": false, "braintree_id": "", "coupon": null, "discount": 0}}, {"model": "orders.order", "pk": 37, "fields": {"first_name": "sadasd", "last_name": "sadasd", "email": "zusmanone1@gmail.com", "address": "asd", "postal_code": "asd", "city": "Москва", "created": "2021-11-09T09:16:33.646Z", "updated": "2021-11-09T09:16:33.646Z", "paid": false, "braintree_id": "", "coupon": null, "discount": 0}}, {"model": "orders.order", "pk": 38, "fields": {"first_name": "Никита", "last_name": "Зубков", "email": "nikzubkov93@mail.ru", "address": "sssss", "postal_code": "23", "city": "vvvv", "created": "2021-11-09T10:16:49.975Z", "updated": "2021-11-09T10:16:49.975Z", "paid": false, "braintree_id": "", "coupon": null, "discount": 0}}, {"model": "orders.order", "pk": 39, "fields": {"first_name": "Никита", "last_name": "Иванов", "email": "nikzubkov93@mail.ru", "address": "asdasd", "postal_code": "asd", "city": "232", "created": "2021-11-09T10:18:51.435Z", "updated": "2021-11-09T10:18:51.435Z", "paid": false, "braintree_id": "", "coupon": null, "discount": 0}}, {"model": "orders.order", "pk": 40, "fields": {"first_name": "Никита", "last_name": "Зубков", "email": "nikzubkov93@mail.ru", "address": "sssss", "postal_code": "23", "city": "vvvv", "created": "2021-11-09T10:44:56.659Z", "updated": "2021-11-09T10:44:56.659Z", "paid": false, "braintree_id": "", "coupon": null, "discount": 0}}, {"model": "orders.order", "pk": 41, "fields": {"first_name": "Никита", "last_name": "Зубков", "email": "nikzubkov93@mail.ru", "address": "sssss", "postal_code": "23", "city": "vvvv", "created": "2021-11-09T12:09:02.361Z", "updated": "2021-11-09T12:09:02.361Z", "paid": false, "braintree_id": "", "coupon": null, "discount": 0}}, {"model": "orders.order", "pk": 42, "fields": {"first_name": "Никита", "last_name": "Зубков", "email": "nikzubkov93@mail.ru", "address": "sssss", "postal_code": "23", "city": "vvvv", "created": "2021-11-09T12:13:50.619Z", "updated": "2021-11-09T12:13:50.619Z", "paid": false, "braintree_id": "", "coupon": null, "discount": 0}}, {"model": "orders.order", "pk": 43, "fields": {"first_name": "Никита", "last_name": "Зубков", "email": "nikzubkov93@mail.ru", "address": "sssss", "postal_code": "23", "city": "vvvv", "created": "2021-11-09T12:14:20.622Z", "updated": "2021-11-09T12:14:20.622Z", "paid": false, "braintree_id": "", "coupon": null, "discount": 0}}, {"model": "orders.order", "pk": 44, "fields": {"first_name": "dsа", "last_name": "asd", "email": "nikzubkov93@mail.ru", "address": "sssss", "postal_code": "23", "city": "vvvv", "created": "2021-11-09T12:37:32.638Z", "updated": "2021-11-09T12:37:32.639Z", "paid": false, "braintree_id": "", "coupon": null, "discount": 0}}, {"model": "orders.order", "pk": 45, "fields": {"first_name": "Никита", "last_name": "Зубков", "email": "nikzubkov93@mail.ru", "address": "sssss", "postal_code": "23", "city": "vvvv", "created": "2021-11-09T12:44:39.856Z", "updated": "2021-11-09T12:44:39.856Z", "paid": false, "braintree_id": "", "coupon": null, "discount": 0}}, {"model": "orders.order", "pk": 46, "fields": {"first_name": "Никита", "last_name": "Зубков", "email": "nikzubkov93@mail.ru", "address": "sssss", "postal_code": "23", "city": "vvvv", "created": "2021-11-09T12:50:01.576Z", "updated": "2021-11-09T12:50:01.576Z", "paid": false, "braintree_id": "", "coupon": null, "discount": 0}}, {"model": "orders.order", "pk": 47, "fields": {"first_name": "NIKITA", "last_name": "ZUBKOV", "email": "nikzubkov93@mail.ru", "address": "Ленинградская 15 кв. 42", "postal_code": "142121", "city": "Москва", "created": "2021-11-09T13:18:23.999Z", "updated": "2021-11-09T13:18:23.999Z", "paid": false, "braintree_id": "", "coupon": null, "discount": 0}}, {"model": "orders.order", "pk": 48, "fields": {"first_name": "Никита", "last_name": "Зубков", "email": "nikzubkov93@mail.ru", "address": "sssss", "postal_code": "23", "city": "vvvv", "created": "2021-11-09T13:18:48.254Z", "updated": "2021-11-09T13:18:48.254Z", "paid": false, "braintree_id": "", "coupon": null, "discount": 0}}, {"model": "orders.order", "pk": 49, "fields": {"first_name": "Никита", "last_name": "Зубков", "email": "nikzubkov93@mail.ru", "address": "sssss", "postal_code": "23", "city": "vvvv", "created": "2021-11-09T13:20:09.080Z", "updated": "2021-11-09T13:20:09.080Z", "paid": false, "braintree_id": "", "coupon": null, "discount": 0}}, {"model": "orders.order", "pk": 50, "fields": {"first_name": "Никита", "last_name": "Зубков", "email": "nikzubkov93@mail.ru", "address": "sssss", "postal_code": "23", "city": "vvvv", "created": "2021-11-09T13:21:29.243Z", "updated": "2021-11-09T13:21:29.243Z", "paid": false, "braintree_id": "", "coupon": null, "discount": 0}}, {"model": "orders.order", "pk": 51, "fields": {"first_name": "Никита", "last_name": "Зубков", "email": "nikzubkov93@mail.ru", "address": "sssss", "postal_code": "23", "city": "vvvv", "created": "2021-11-09T13:22:58.470Z", "updated": "2021-11-09T13:22:58.470Z", "paid": false, "braintree_id": "", "coupon": null, "discount": 0}}, {"model": "orders.order", "pk": 52, "fields": {"first_name": "Никита", "last_name": "Зубков", "email": "nikzubkov93@mail.ru", "address": "sssss", "postal_code": "23", "city": "vvvv", "created": "2021-11-09T13:48:32.391Z", "updated": "2021-11-09T13:48:32.391Z", "paid": false, "braintree_id": "", "coupon": null, "discount": 0}}, {"model": "orders.order", "pk": 53, "fields": {"first_name": "Никита", "last_name": "Зубков", "email": "nikzubkov93@mail.ru", "address": "sssss", "postal_code": "23", "city": "vvvv", "created": "2021-11-09T13:50:08.278Z", "updated": "2021-11-09T13:50:08.278Z", "paid": false, "braintree_id": "", "coupon": null, "discount": 0}}, {"model": "orders.order", "pk": 54, "fields": {"first_name": "Никита", "last_name": "Зубков", "email": "nikzubkov93@mail.ru", "address": "sssss", "postal_code": "23", "city": "vvvv", "created": "2021-11-09T13:55:17.956Z", "updated": "2021-11-09T13:55:17.956Z", "paid": false, "braintree_id": "", "coupon": null, "discount": 0}}, {"model": "orders.order", "pk": 55, "fields": {"first_name": "Никита", "last_name": "Зубков", "email": "nikzubkov93@mail.ru", "address": "sssss", "postal_code": "23", "city": "vvvv", "created": "2021-11-09T13:55:37.294Z", "updated": "2021-11-09T13:55:37.294Z", "paid": false, "braintree_id": "", "coupon": null, "discount": 0}}, {"model": "orders.order", "pk": 56, "fields": {"first_name": "Никита", "last_name": "Зубков", "email": "nikzubkov93@mail.ru", "address": "sssss", "postal_code": "23", "city": "vvvv", "created": "2021-11-10T20:02:11.129Z", "updated": "2021-11-10T20:02:11.129Z", "paid": false, "braintree_id": "", "coupon": null, "discount": 0}}, {"model": "orders.order", "pk": 57, "fields": {"first_name": "Никита", "last_name": "Зубков", "email": "nikzubkov93@mail.ru", "address": "sssss", "postal_code": "23", "city": "vvvv", "created": "2021-11-10T20:03:05.486Z", "updated": "2021-11-10T20:03:05.486Z", "paid": false, "braintree_id": "", "coupon": null, "discount": 0}}, {"model": "orders.order", "pk": 58, "fields": {"first_name": "NIKITA", "last_name": "ZUBKOV", "email": "nikzubkov93@mail.ru", "address": "Ленинградская 15 кв. 42", "postal_code": "142121", "city": "Москва", "created": "2021-11-16T12:02:38.901Z", "updated": "2021-11-16T12:02:38.901Z", "paid": false, "braintree_id": "", "coupon": null, "discount": 0}}, {"model": "orders.order", "pk": 59, "fields": {"first_name": "NIKITA", "last_name": "ZUBKOV", "email": "nikzubkov93@mail.ru", "address": "Ленинградская 15 кв. 42", "postal_code": "142121", "city": "Москва", "created": "2021-11-16T16:39:45.801Z", "updated": "2021-11-16T16:39:45.802Z", "paid": false, "braintree_id": "", "coupon": null, "discount": 0}}, {"model": "orders.order", "pk": 60, "fields": {"first_name": "Никита", "last_name": "Зубков", "email": "nikzubkov93@mail.ru", "address": "sssss", "postal_code": "23", "city": "vvvv", "created": "2021-11-16T16:45:21.870Z", "updated": "2021-11-16T16:45:21.870Z", "paid": false, "braintree_id": "", "coupon": null, "discount": 0}}, {"model": "orders.order", "pk": 61, "fields": {"first_name": "NIKITA", "last_name": "ZUBKOV", "email": "nikzubkov93@mail.ru", "address": "Ленинградская 15 кв. 42", "postal_code": "142121", "city": "Москва", "created": "2021-11-16T17:08:24.069Z", "updated": "2021-11-16T17:08:24.069Z", "paid": false, "braintree_id": "", "coupon": null, "discount": 0}}, {"model": "orders.order", "pk": 62, "fields": {"first_name": "NIKITA", "last_name": "ZUBKOV", "email": "nikzubkov93@mail.ru", "address": "Ленинградская 15 кв. 42", "postal_code": "142121", "city": "Москва", "created": "2021-11-16T17:13:49.400Z", "updated": "2021-11-16T17:13:49.400Z", "paid": false, "braintree_id": "", "coupon": null, "discount": 0}}, {"model": "orders.order", "pk": 63, "fields": {"first_name": "NIKITA", "last_name": "ZUBKOV", "email": "nikzubkov93@mail.ru", "address": "Ленинградская 15 кв. 42", "postal_code": "142121", "city": "Москва", "created": "2021-11-16T17:15:01.308Z", "updated": "2021-11-16T17:15:01.308Z", "paid": false, "braintree_id": "", "coupon": null, "discount": 0}}, {"model": "orders.order", "pk": 64, "fields": {"first_name": "NIKITA", "last_name": "ZUBKOV", "email": "nikzubkov93@mail.ru", "address": "Ленинградская 15 кв. 42", "postal_code": "142121", "city": "Москва", "created": "2021-11-16T17:28:42.915Z", "updated": "2021-11-16T17:28:42.915Z", "paid": false, "braintree_id": "", "coupon": null, "discount": 0}}, {"model": "orders.order", "pk": 65, "fields": {"first_name": "NIKITA", "last_name": "ZUBKOV", "email": "nikzubkov93@mail.ru", "address": "Ленинградская 15 кв. 42", "postal_code": "142121", "city": "Москва", "created": "2021-11-16T20:28:15.213Z", "updated": "2021-11-16T20:28:15.214Z", "paid": false, "braintree_id": "", "coupon": null, "discount": 0}}, {"model": "orders.order", "pk": 66, "fields": {"first_name": "Никита", "last_name": "Зубков", "email": "nikzubkov93@mail.ru", "address": "sssss", "postal_code": "23", "city": "vvvv", "created": "2021-11-16T20:29:18.604Z", "updated": "2021-11-16T20:29:18.604Z", "paid": false, "braintree_id": "", "coupon": null, "discount": 0}}, {"model": "orders.order", "pk": 67, "fields": {"first_name": "NIKITA", "last_name": "ZUBKOV", "email": "nikzubkov93@mail.ru", "address": "Ленинградская 15 кв. 42", "postal_code": "142121", "city": "Москва", "created": "2021-11-16T20:30:38.273Z", "updated": "2021-11-16T20:30:38.273Z", "paid": false, "braintree_id": "", "coupon": null, "discount": 0}}, {"model": "orders.order", "pk": 68, "fields": {"first_name": "NIKITA", "last_name": "ZUBKOV", "email": "nikzubkov93@mail.ru", "address": "Ленинградская 15 кв. 42", "postal_code": "142121", "city": "Москва", "created": "2021-11-16T20:42:32.593Z", "updated": "2021-11-16T20:42:32.593Z", "paid": false, "braintree_id": "", "coupon": null, "discount": 0}}, {"model": "orders.order", "pk": 69, "fields": {"first_name": "NIKITA", "last_name": "ZUBKOV", "email": "nikzubkov93@mail.ru", "address": "Ленинградская 15 кв. 42", "postal_code": "142121", "city": "Москва", "created": "2021-11-16T20:43:16.111Z", "updated": "2021-11-16T20:43:16.111Z", "paid": false, "braintree_id": "", "coupon": null, "discount": 0}}, {"model": "orders.order", "pk": 70, "fields": {"first_name": "NIKITA", "last_name": "ZUBKOV", "email": "nikzubkov93@mail.ru", "address": "Ленинградская 15 кв. 42", "postal_code": "142121", "city": "Москва", "created": "2021-11-16T21:15:29.627Z", "updated": "2021-11-16T21:15:29.627Z", "paid": false, "braintree_id": "", "coupon": null, "discount": 0}}, {"model": "orders.order", "pk": 71, "fields": {"first_name": "NIKITA", "last_name": "ZUBKOV", "email": "nikzubkov93@mail.ru", "address": "Ленинградская 15 кв. 42", "postal_code": "142121", "city": "Москва", "created": "2021-11-16T21:17:09.104Z", "updated": "2021-11-16T21:17:55.828Z", "paid": true, "braintree_id": "860rjbsk", "coupon": null, "discount": 0}}, {"model": "orders.order", "pk": 72, "fields": {"first_name": "Никита", "last_name": "Зубков", "email": "nikzubkov93@mail.ru", "address": "sssss", "postal_code": "23", "city": "vvvv", "created": "2021-11-20T11:52:36.770Z", "updated": "2021-11-20T12:54:06.262Z", "paid": true, "braintree_id": "89751bgq", "coupon": null, "discount": 0}}, {"model": "orders.order", "pk": 73, "fields": {"first_name": "NIKITA", "last_name": "ZUBKOV", "email": "nikzubkov93@mail.ru", "address": "Ленинградская 15 кв. 42", "postal_code": "142121", "city": "Москва", "created": "2021-11-20T13:30:42.005Z", "updated": "2021-11-20T13:30:42.006Z", "paid": false, "braintree_id": "", "coupon": null, "discount": 0}}, {"model": "orders.order", "pk": 74, "fields": {"first_name": "Никита", "last_name": "Зубков", "email": "nikzubkov93@mail.ru", "address": "sssss", "postal_code": "23", "city": "vvvv", "created": "2021-11-22T14:31:30.477Z", "updated": "2021-11-22T14:31:30.477Z", "paid": false, "braintree_id": "", "coupon": null, "discount": 0}}, {"model": "orders.order", "pk": 75, "fields": {"first_name": "NIKITA", "last_name": "ZUBKOV", "email": "nikzubkov93@mail.ru", "address": "Ленинградская 15 кв. 42", "postal_code": "142121", "city": "Москва", "created": "2021-11-22T14:40:14.136Z", "updated": "2021-11-22T14:40:34.665Z", "paid": true, "braintree_id": "bhtt96zg", "coupon": null, "discount": 0}}, {"model": "orders.order", "pk": 76, "fields": {"first_name": "dsа", "last_name": "asd", "email": "nikzubkov93@mail.ru", "address": "sssss", "postal_code": "23", "city": "vvvv", "created": "2021-11-22T14:41:31.523Z", "updated": "2021-11-22T14:41:42.922Z", "paid": true, "braintree_id": "3sz6jeyx", "coupon": null, "discount": 0}}, {"model": "orders.order", "pk": 77, "fields": {"first_name": "NIKITA", "last_name": "ZUBKOV", "email": "nikzubkov93@mail.ru", "address": "Ленинградская 15 кв. 42", "postal_code": "142121", "city": "Москва", "created": "2021-11-22T15:35:09.007Z", "updated": "2021-11-22T15:35:21.529Z", "paid": true, "braintree_id": "pc7wwzsm", "coupon": null, "discount": 0}}, {"model": "orders.order", "pk": 78, "fields": {"first_name": "dsа", "last_name": "asd", "email": "nikzubkov93@mail.ru", "address": "sssss", "postal_code": "23", "city": "vvvv", "created": "2021-11-24T11:16:53.740Z", "updated": "2021-11-24T11:16:53.740Z", "paid": false, "braintree_id": "", "coupon": null, "discount": 50}}, {"model": "orders.order", "pk": 79, "fields": {"first_name": "dsа", "last_name": "asd", "email": "nikzubkov93@mail.ru", "address": "sssss", "postal_code": "23", "city": "vvvv", "created": "2021-11-24T11:17:03.346Z", "updated": "2021-11-24T11:17:03.346Z", "paid": false, "braintree_id": "", "coupon": null, "discount": 50}}, {"model": "orders.order", "pk": 80, "fields": {"first_name": "dsа", "last_name": "asd", "email": "nikzubkov93@mail.ru", "address": "sssss", "postal_code": "23", "city": "vvvv", "created": "2021-11-24T11:17:27.533Z", "updated": "2021-11-24T11:17:27.533Z", "paid": false, "braintree_id": "", "coupon": null, "discount": 50}}, {"model": "orders.order", "pk": 81, "fields": {"first_name": "dsа", "last_name": "asd", "email": "nikzubkov93@mail.ru", "address": "sssss", "postal_code": "23", "city": "vvvv", "created": "2021-11-24T11:19:04.363Z", "updated": "2021-11-24T11:19:04.363Z", "paid": false, "braintree_id": "", "coupon": null, "discount": 50}}, {"model": "orders.order", "pk": 82, "fields": {"first_name": "dsа", "last_name": "asd", "email": "nikzubkov93@mail.ru", "address": "sssss", "postal_code": "23", "city": "vvvv", "created": "2021-11-24T11:19:28.335Z", "updated": "2021-11-24T11:19:28.335Z", "paid": false, "braintree_id": "", "coupon": null, "discount": 50}}, {"model": "orders.order", "pk": 83, "fields": {"first_name": "NIKITA", "last_name": "ZUBKOV", "email": "nikzubkov93@mail.ru", "address": "Ленинградская 15 кв. 42", "postal_code": "142121", "city": "Москва", "created": "2021-11-24T11:21:52.760Z", "updated": "2021-11-24T11:21:52.760Z", "paid": false, "braintree_id": "", "coupon": null, "discount": 50}}, {"model": "orders.order", "pk": 84, "fields": {"first_name": "NIKITA", "last_name": "ZUBKOV", "email": "nikzubkov93@mail.ru", "address": "Ленинградская 15 кв. 42", "postal_code": "142121", "city": "Москва", "created": "2021-11-24T11:21:56.559Z", "updated": "2021-11-24T11:21:56.559Z", "paid": false, "braintree_id": "", "coupon": null, "discount": 50}}, {"model": "orders.order", "pk": 85, "fields": {"first_name": "NIKITA", "last_name": "ZUBKOV", "email": "nikzubkov93@mail.ru", "address": "Ленинградская 15 кв. 42", "postal_code": "142121", "city": "Москва", "created": "2021-11-24T11:30:46.772Z", "updated": "2021-11-24T11:30:46.772Z", "paid": false, "braintree_id": "", "coupon": null, "discount": 50}}, {"model": "orders.order", "pk": 86, "fields": {"first_name": "dsа", "last_name": "asd", "email": "nikzubkov93@mail.ru", "address": "sssss", "postal_code": "23", "city": "vvvv", "created": "2021-11-24T11:35:46.711Z", "updated": "2021-11-24T11:35:46.711Z", "paid": false, "braintree_id": "", "coupon": null, "discount": 0}}, {"model": "orders.order", "pk": 87, "fields": {"first_name": "dsа", "last_name": "asd", "email": "nikzubkov93@mail.ru", "address": "sssss", "postal_code": "23", "city": "vvvv", "created": "2021-11-24T11:37:46.857Z", "updated": "2021-11-24T11:38:03.862Z", "paid": true, "braintree_id": "abxey4hv", "coupon": null, "discount": 0}}, {"model": "orders.order", "pk": 88, "fields": {"first_name": "Никита", "last_name": "Зубков", "email": "nikzubkov93@mail.ru", "address": "sssss", "postal_code": "23", "city": "vvvv", "created": "2021-11-24T12:55:14.510Z", "updated": "2021-11-24T12:55:25.630Z", "paid": true, "braintree_id": "99zb7yrn", "coupon": null, "discount": 0}}, {"model": "orders.order", "pk": 89, "fields": {"first_name": "dsа", "last_name": "asd", "email": "nikzubkov93@mail.ru", "address": "sssss", "postal_code": "23", "city": "vvvv", "created": "2021-11-24T12:57:46.101Z", "updated": "2021-11-24T12:57:54.656Z", "paid": true, "braintree_id": "qpf5yfgy", "coupon": null, "discount": 0}}, {"model": "orders.order", "pk": 90, "fields": {"first_name": "dsа", "last_name": "asd", "email": "nikzubkov93@mail.ru", "address": "sssss", "postal_code": "23", "city": "vvvv", "created": "2021-11-24T13:01:42.798Z", "updated": "2021-11-24T13:01:59.649Z", "paid": true, "braintree_id": "dynp03rc", "coupon": null, "discount": 50}}, {"model": "orders.order", "pk": 91, "fields": {"first_name": "dsа", "last_name": "asd", "email": "nikzubkov93@mail.ru", "address": "sssss", "postal_code": "23", "city": "vvvv", "created": "2021-11-24T13:03:11.905Z", "updated": "2021-11-24T13:03:26.668Z", "paid": true, "braintree_id": "pfs5ew79", "coupon": null, "discount": 50}}, {"model": "orders.order", "pk": 92, "fields": {"first_name": "dsа", "last_name": "asd", "email": "nikzubkov93@mail.ru", "address": "sssss", "postal_code": "23", "city": "vvvv", "created": "2021-11-24T18:15:35.356Z", "updated": "2021-11-24T18:15:48.746Z", "paid": true, "braintree_id": "b1va3qtr", "coupon": 5, "discount": 50}}, {"model": "orders.order", "pk": 93, "fields": {"first_name": "sdads", "last_name": "dasdad", "email": "nikzubkov93@mail.ru", "address": "sdasd", "postal_code": "asda", "city": "sadsa", "created": "2021-11-24T18:19:08.037Z", "updated": "2021-11-24T18:19:27.109Z", "paid": true, "braintree_id": "dbr3jqqv", "coupon": 5, "discount": 50}}, {"model": "orders.order", "pk": 94, "fields": {"first_name": "asd", "last_name": "ads", "email": "nikzubkov93@mail.ru", "address": "sssss", "postal_code": "23", "city": "vvvv", "created": "2021-12-01T14:00:35.368Z", "updated": "2021-12-01T14:00:56.381Z", "paid": true, "braintree_id": "nm70nbez", "coupon": null, "discount": 0}}, {"model": "orders.order", "pk": 95, "fields": {"first_name": "dsа", "last_name": "asd", "email": "nikzubkov93@mail.ru", "address": "sssss", "postal_code": "23", "city": "vvvv", "created": "2021-12-01T14:01:47.416Z", "updated": "2021-12-01T14:01:56.710Z", "paid": true, "braintree_id": "d17tncw3", "coupon": null, "discount": 0}}, {"model": "orders.order", "pk": 96, "fields": {"first_name": "dsа", "last_name": "asd", "email": "nikzubkov93@mail.ru", "address": "sssss", "postal_code": "23", "city": "vvvv", "created": "2021-12-01T14:04:04.709Z", "updated": "2021-12-01T14:04:13.655Z", "paid": true, "braintree_id": "0qg2wvtm", "coupon": null, "discount": 0}}, {"model": "orders.order", "pk": 97, "fields": {"first_name": "dsа", "last_name": "asd", "email": "nikzubkov93@mail.ru", "address": "sssss", "postal_code": "23", "city": "vvvv", "created": "2021-12-01T14:55:10.435Z", "updated": "2021-12-01T14:55:23.076Z", "paid": true, "braintree_id": "6xxj1skf", "coupon": null, "discount": 0}}, {"model": "orders.order", "pk": 98, "fields": {"first_name": "dsа", "last_name": "asd", "email": "nikzubkov93@mail.ru", "address": "sssss", "postal_code": "23", "city": "vvvv", "created": "2021-12-02T20:27:10.987Z", "updated": "2021-12-02T20:27:24.384Z", "paid": true, "braintree_id": "qwb2ezwk", "coupon": null, "discount": 0}}, {"model": "orders.orderitem", "pk": 1, "fields": {"order": 3, "product": 30, "price": "84.00", "quantity": 7}}, {"model": "orders.orderitem", "pk": 2, "fields": {"order": 4, "product": 30, "price": "84.00", "quantity": 7}}, {"model": "orders.orderitem", "pk": 3, "fields": {"order": 5, "product": 30, "price": "84.00", "quantity": 7}}, {"model": "orders.orderitem", "pk": 4, "fields": {"order": 10, "product": 31, "price": "2000.00", "quantity": 2}}, {"model": "orders.orderitem", "pk": 5, "fields": {"order": 11, "product": 31, "price": "2000.00", "quantity": 2}}, {"model": "orders.orderitem", "pk": 6, "fields": {"order": 12, "product": 31, "price": "2000.00", "quantity": 2}}, {"model": "orders.orderitem", "pk": 7, "fields": {"order": 13, "product": 14, "price": "25300.00", "quantity": 1}}, {"model": "orders.orderitem", "pk": 8, "fields": {"order": 16, "product": 7, "price": "18999.00", "quantity": 1}}, {"model": "orders.orderitem", "pk": 9, "fields": {"order": 17, "product": 30, "price": "84.00", "quantity": 1}}, {"model": "orders.orderitem", "pk": 10, "fields": {"order": 18, "product": 21, "price": "6000.00", "quantity": 1}}, {"model": "orders.orderitem", "pk": 11, "fields": {"order": 19, "product": 6, "price": "12500.00", "quantity": 1}}, {"model": "orders.orderitem", "pk": 12, "fields": {"order": 21, "product": 28, "price": "12000.00", "quantity": 1}}, {"model": "orders.orderitem", "pk": 13, "fields": {"order": 36, "product": 29, "price": "72.00", "quantity": 1}}, {"model": "orders.orderitem", "pk": 14, "fields": {"order": 36, "product": 19, "price": "10300.00", "quantity": 1}}, {"model": "orders.orderitem", "pk": 15, "fields": {"order": 37, "product": 22, "price": "3300.00", "quantity": 1}}, {"model": "orders.orderitem", "pk": 16, "fields": {"order": 38, "product": 14, "price": "25300.00", "quantity": 1}}, {"model": "orders.orderitem", "pk": 17, "fields": {"order": 39, "product": 3, "price": "15928.00", "quantity": 1}}, {"model": "orders.orderitem", "pk": 18, "fields": {"order": 40, "product": 7, "price": "18999.00", "quantity": 1}}, {"model": "orders.orderitem", "pk": 19, "fields": {"order": 41, "product": 30, "price": "84.00", "quantity": 1}}, {"model": "orders.orderitem", "pk": 20, "fields": {"order": 42, "product": 30, "price": "84.00", "quantity": 1}}, {"model": "orders.orderitem", "pk": 21, "fields": {"order": 43, "product": 30, "price": "84.00", "quantity": 1}}, {"model": "orders.orderitem", "pk": 22, "fields": {"order": 43, "product": 27, "price": "5000.00", "quantity": 1}}, {"model": "orders.orderitem", "pk": 23, "fields": {"order": 44, "product": 30, "price": "84.00", "quantity": 1}}, {"model": "orders.orderitem", "pk": 24, "fields": {"order": 44, "product": 27, "price": "5000.00", "quantity": 1}}, {"model": "orders.orderitem", "pk": 25, "fields": {"order": 45, "product": 30, "price": "84.00", "quantity": 1}}, {"model": "orders.orderitem", "pk": 26, "fields": {"order": 45, "product": 27, "price": "5000.00", "quantity": 1}}, {"model": "orders.orderitem", "pk": 27, "fields": {"order": 46, "product": 30, "price": "84.00", "quantity": 1}}, {"model": "orders.orderitem", "pk": 28, "fields": {"order": 46, "product": 27, "price": "5000.00", "quantity": 1}}, {"model": "orders.orderitem", "pk": 29, "fields": {"order": 47, "product": 30, "price": "84.00", "quantity": 1}}, {"model": "orders.orderitem", "pk": 30, "fields": {"order": 47, "product": 27, "price": "5000.00", "quantity": 1}}, {"model": "orders.orderitem", "pk": 31, "fields": {"order": 48, "product": 30, "price": "84.00", "quantity": 1}}, {"model": "orders.orderitem", "pk": 32, "fields": {"order": 48, "product": 27, "price": "5000.00", "quantity": 1}}, {"model": "orders.orderitem", "pk": 33, "fields": {"order": 49, "product": 30, "price": "84.00", "quantity": 1}}, {"model": "orders.orderitem", "pk": 34, "fields": {"order": 49, "product": 27, "price": "5000.00", "quantity": 1}}, {"model": "orders.orderitem", "pk": 35, "fields": {"order": 50, "product": 30, "price": "84.00", "quantity": 1}}, {"model": "orders.orderitem", "pk": 36, "fields": {"order": 50, "product": 27, "price": "5000.00", "quantity": 1}}, {"model": "orders.orderitem", "pk": 37, "fields": {"order": 51, "product": 30, "price": "84.00", "quantity": 1}}, {"model": "orders.orderitem", "pk": 38, "fields": {"order": 51, "product": 27, "price": "5000.00", "quantity": 1}}, {"model": "orders.orderitem", "pk": 39, "fields": {"order": 52, "product": 13, "price": "25300.00", "quantity": 1}}, {"model": "orders.orderitem", "pk": 40, "fields": {"order": 53, "product": 28, "price": "12000.00", "quantity": 1}}, {"model": "orders.orderitem", "pk": 41, "fields": {"order": 54, "product": 7, "price": "18999.00", "quantity": 1}}, {"model": "orders.orderitem", "pk": 42, "fields": {"order": 55, "product": 27, "price": "5000.00", "quantity": 1}}, {"model": "orders.orderitem", "pk": 43, "fields": {"order": 56, "product": 6, "price": "12500.00", "quantity": 1}}, {"model": "orders.orderitem", "pk": 44, "fields": {"order": 57, "product": 6, "price": "12500.00", "quantity": 1}}, {"model": "orders.orderitem", "pk": 45, "fields": {"order": 58, "product": 7, "price": "18999.00", "quantity": 1}}, {"model": "orders.orderitem", "pk": 46, "fields": {"order": 59, "product": 7, "price": "18999.00", "quantity": 1}}, {"model": "orders.orderitem", "pk": 47, "fields": {"order": 60, "product": 6, "price": "12500.00", "quantity": 1}}, {"model": "orders.orderitem", "pk": 48, "fields": {"order": 61, "product": 31, "price": "2000.00", "quantity": 1}}, {"model": "orders.orderitem", "pk": 49, "fields": {"order": 62, "product": 18, "price": "35088.00", "quantity": 1}}, {"model": "orders.orderitem", "pk": 50, "fields": {"order": 63, "product": 21, "price": "6000.00", "quantity": 1}}, {"model": "orders.orderitem", "pk": 51, "fields": {"order": 64, "product": 14, "price": "25300.00", "quantity": 1}}, {"model": "orders.orderitem", "pk": 52, "fields": {"order": 65, "product": 12, "price": "25300.00", "quantity": 1}}, {"model": "orders.orderitem", "pk": 53, "fields": {"order": 66, "product": 6, "price": "12500.00", "quantity": 1}}, {"model": "orders.orderitem", "pk": 54, "fields": {"order": 67, "product": 30, "price": "84.00", "quantity": 1}}, {"model": "orders.orderitem", "pk": 55, "fields": {"order": 68, "product": 21, "price": "6000.00", "quantity": 1}}, {"model": "orders.orderitem", "pk": 56, "fields": {"order": 69, "product": 16, "price": "35088.00", "quantity": 1}}, {"model": "orders.orderitem", "pk": 57, "fields": {"order": 70, "product": 7, "price": "18999.00", "quantity": 1}}, {"model": "orders.orderitem", "pk": 58, "fields": {"order": 71, "product": 6, "price": "12500.00", "quantity": 1}}, {"model": "orders.orderitem", "pk": 59, "fields": {"order": 72, "product": 10, "price": "55660.00", "quantity": 1}}, {"model": "orders.orderitem", "pk": 60, "fields": {"order": 73, "product": 30, "price": "84.00", "quantity": 1}}, {"model": "orders.orderitem", "pk": 61, "fields": {"order": 74, "product": 7, "price": "18999.00", "quantity": 1}}, {"model": "orders.orderitem", "pk": 62, "fields": {"order": 74, "product": 14, "price": "25300.00", "quantity": 1}}, {"model": "orders.orderitem", "pk": 63, "fields": {"order": 75, "product": 21, "price": "6000.00", "quantity": 1}}, {"model": "orders.orderitem", "pk": 64, "fields": {"order": 75, "product": 6, "price": "12500.00", "quantity": 1}}, {"model": "orders.orderitem", "pk": 65, "fields": {"order": 76, "product": 7, "price": "18999.00", "quantity": 1}}, {"model": "orders.orderitem", "pk": 66, "fields": {"order": 76, "product": 27, "price": "5000.00", "quantity": 1}}, {"model": "orders.orderitem", "pk": 67, "fields": {"order": 77, "product": 6, "price": "12500.00", "quantity": 1}}, {"model": "orders.orderitem", "pk": 68, "fields": {"order": 77, "product": 28, "price": "12000.00", "quantity": 1}}, {"model": "orders.orderitem", "pk": 69, "fields": {"order": 77, "product": 29, "price": "72.00", "quantity": 1}}, {"model": "orders.orderitem", "pk": 70, "fields": {"order": 78, "product": 8, "price": "65280.00", "quantity": 10}}, {"model": "orders.orderitem", "pk": 71, "fields": {"order": 81, "product": 14, "price": "25300.00", "quantity": 1}}, {"model": "orders.orderitem", "pk": 72, "fields": {"order": 83, "product": 12, "price": "25300.00", "quantity": 1}}, {"model": "orders.orderitem", "pk": 73, "fields": {"order": 86, "product": 17, "price": "33456.00", "quantity": 1}}, {"model": "orders.orderitem", "pk": 74, "fields": {"order": 87, "product": 6, "price": "12500.00", "quantity": 1}}, {"model": "orders.orderitem", "pk": 75, "fields": {"order": 88, "product": 17, "price": "33456.00", "quantity": 1}}, {"model": "orders.orderitem", "pk": 76, "fields": {"order": 89, "product": 21, "price": "6000.00", "quantity": 1}}, {"model": "orders.orderitem", "pk": 77, "fields": {"order": 90, "product": 10, "price": "55660.00", "quantity": 1}}, {"model": "orders.orderitem", "pk": 78, "fields": {"order": 91, "product": 15, "price": "40800.00", "quantity": 1}}, {"model": "orders.orderitem", "pk": 79, "fields": {"order": 92, "product": 6, "price": "12500.00", "quantity": 1}}, {"model": "orders.orderitem", "pk": 80, "fields": {"order": 93, "product": 7, "price": "18999.00", "quantity": 1}}, {"model": "orders.orderitem", "pk": 81, "fields": {"order": 94, "product": 14, "price": "25300.00", "quantity": 1}}, {"model": "orders.orderitem", "pk": 82, "fields": {"order": 94, "product": 18, "price": "35088.00", "quantity": 1}}, {"model": "orders.orderitem", "pk": 83, "fields": {"order": 94, "product": 7, "price": "18999.00", "quantity": 1}}, {"model": "orders.orderitem", "pk": 84, "fields": {"order": 95, "product": 14, "price": "25300.00", "quantity": 1}}, {"model": "orders.orderitem", "pk": 85, "fields": {"order": 95, "product": 13, "price": "25300.00", "quantity": 1}}, {"model": "orders.orderitem", "pk": 86, "fields": {"order": 96, "product": 13, "price": "25300.00", "quantity": 1}}, {"model": "orders.orderitem", "pk": 87, "fields": {"order": 96, "product": 18, "price": "35088.00", "quantity": 1}}, {"model": "orders.orderitem", "pk": 88, "fields": {"order": 96, "product": 22, "price": "3300.00", "quantity": 1}}, {"model": "orders.orderitem", "pk": 89, "fields": {"order": 96, "product": 31, "price": "2000.00", "quantity": 1}}, {"model": "orders.orderitem", "pk": 90, "fields": {"order": 96, "product": 28, "price": "12000.00", "quantity": 1}}, {"model": "orders.orderitem", "pk": 91, "fields": {"order": 97, "product": 14, "price": "25300.00", "quantity": 1}}, {"model": "orders.orderitem", "pk": 92, "fields": {"order": 98, "product": 2, "price": "6004.00", "quantity": 1}}, {"model": "orders.orderitem", "pk": 93, "fields": {"order": 98, "product": 14, "price": "25300.00", "quantity": 1}}, {"model": "coupons.coupon", "pk": 5, "fields": {"code": "qwe", "valid_from": "2021-11-24T17:38:11Z", "valid_to": "2021-11-24T22:38:14Z", "discount": 50, "active": true}}, {"model": "social_django.usersocialauth", "pk": 1, "fields": {"user": 6, "provider": "google-oauth2", "uid": "zusmanone1@gmail.com", "extra_data": "{\"auth_time\": 1639658302, \"expires\": 3599, \"token_type\": \"Bearer\", \"access_token\": \"ya29.a0ARrdaM8XCBdFh5tuArw-cWY8kKnVhkOxPHR-oVdhUeb-cORQUd3msWgFT4Kc68h85SiPUy0Vn5op-aaFnEpWmJooNnOTmR6Yrq1CIk4-4I4FQHVclFZxnpJQ2HRlhmI7hBikMv_rDvW5QhJDLkPZFPiFkAh2bA\"}", "created": "2021-12-15T15:31:19.204Z", "modified": "2021-12-16T12:38:22.941Z"}}, {"model": "sites.site", "pk": 1, "fields": {"domain": "example.com", "name": "example.com"}}, {"model": "account.emailaddress", "pk": 8, "fields": {"user": 15, "email": "bigmama93@mail.ru", "verified": false, "primary": true}}, {"model": "django_celery_beat.intervalschedule", "pk": 31, "fields": {"every": 10, "period": "seconds"}}, {"model": "django_celery_beat.intervalschedule", "pk": 32, "fields": {"every": 5, "period": "seconds"}}, {"model": "django_celery_beat.crontabschedule", "pk": 35, "fields": {"minute": "0", "hour": "4", "day_of_week": "*", "day_of_month": "*", "month_of_year": "*", "timezone": "UTC"}}, {"model": "django_celery_beat.crontabschedule", "pk": 36, "fields": {"minute": "*", "hour": "*", "day_of_week": "*", "day_of_month": "*", "month_of_year": "*", "timezone": "UTC"}}, {"model": "django_celery_beat.periodictasks", "pk": 1, "fields": {"last_update": "2021-12-29T12:15:04.393Z"}}, {"model": "django_celery_beat.periodictask", "pk": 130, "fields": {"name": "celery.backend_cleanup", "task": "celery.backend_cleanup", "interval": null, "crontab": 35, "solar": null, "clocked": null, "args": "[]", "kwargs": "{}", "queue": null, "exchange": null, "routing_key": null, "headers": "{}", "priority": null, "expires": null, "expire_seconds": 43200, "one_off": false, "start_time": null, "enabled": true, "last_run_at": null, "total_run_count": 0, "date_changed": "2021-12-29T12:15:04.378Z", "description": ""}}, {"model": "django_celery_beat.periodictask", "pk": 131, "fields": {"name": "run-me-every-ten-seconds", "task": "shop.tasks.check", "interval": 31, "crontab": null, "solar": null, "clocked": null, "args": "[]", "kwargs": "{}", "queue": null, "exchange": null, "routing_key": null, "headers": "{}", "priority": null, "expires": null, "expire_seconds": null, "one_off": false, "start_time": null, "enabled": true, "last_run_at": "2021-12-29T12:17:04.448Z", "total_run_count": 48, "date_changed": "2021-12-29T12:17:11.512Z", "description": ""}}, {"model": "django_celery_beat.periodictask", "pk": 132, "fields": {"name": "add-every-30-seconds", "task": "shop.tasks.add", "interval": null, "crontab": 36, "solar": null, "clocked": null, "args": "[16, 16]", "kwargs": "{}", "queue": null, "exchange": null, "routing_key": null, "headers": "{}", "priority": null, "expires": null, "expire_seconds": null, "one_off": false, "start_time": null, "enabled": true, "last_run_at": "2021-12-29T12:17:00.002Z", "total_run_count": 14, "date_changed": "2021-12-29T12:17:11.487Z", "description": ""}}, {"model": "django_celery_beat.periodictask", "pk": 133, "fields": {"name": "send-mail-every-week", "task": "shop.tasks.send_product_mail_last_week", "interval": null, "crontab": 36, "solar": null, "clocked": null, "args": "[]", "kwargs": "{}", "queue": null, "exchange": null, "routing_key": null, "headers": "{}", "priority": null, "expires": null, "expire_seconds": null, "one_off": false, "start_time": null, "enabled": true, "last_run_at": "2021-12-29T12:17:00.022Z", "total_run_count": 12, "date_changed": "2021-12-29T12:17:11.502Z", "description": ""}}]